file,real_time,predicted_time,error,abs_error
04301317.mseed,60.90000009536743,30.408752,-30.49124765396118,30.49124765396118
09252038.mseed,5.900000095367432,30.520422,24.620421886444092,24.620421886444092
01200519.mseed,6.0,30.532482,24.532482147216797,24.532482147216797
05010036.mseed,8.700000047683716,30.550747,21.850746870040894,21.850746870040894
03142106.mseed,10.700000047683716,30.423193,19.723192930221558,19.723192930221558
05011300.mseed,12.799999952316284,30.237183,17.437182664871216,17.437182664871216
03160326.mseed,18.5,30.504715,12.004714965820312,12.004714965820312
12221016.mseed,19.0,30.899204,11.89920425415039,11.89920425415039
10020648.mseed,19.90000009536743,30.425629,10.525628566741943,10.525628566741943
01200524.mseed,30.700000047683716,37.372364,6.672363996505737,6.672363996505737
06271104.mseed,36.200000047683716,29.702087,-6.497912645339966,6.497912645339966
01192258.mseed,23.90000009536743,30.240826,6.34082555770874,6.34082555770874
09180642.mseed,26.09999990463257,30.368885,4.268885135650635,4.268885135650635
12141449.mseed,30.59999990463257,27.99277,-2.6072306632995605,2.6072306632995605
12272323.mseed,30.59999990463257,28.125412,-2.474587917327881,2.474587917327881
06301153.mseed,30.09999990463257,32.2541,2.1541008949279785,2.1541008949279785
12280321.mseed,30.799999952316284,29.119432,-1.6805675029754639,1.6805675029754639
12032014.mseed,30.90000009536743,29.348104,-1.5518956184387207,1.5518956184387207
11131135.mseed,30.59999990463257,29.472311,-1.1276888847351074,1.1276888847351074
05080733.mseed,30.700000047683716,31.81834,1.118340253829956,1.118340253829956
02131726.mseed,31.0,29.933657,-1.0663433074951172,1.0663433074951172
05032132.mseed,31.0,30.026957,-0.9730434417724609,0.9730434417724609
11282204.mseed,30.40000009536743,29.494867,-0.9051327705383301,0.9051327705383301
02271712.mseed,30.09999990463257,30.985744,0.885744571685791,0.885744571685791
05151723.mseed,30.799999952316284,29.987114,-0.8128859996795654,0.8128859996795654
09270313.mseed,30.40000009536743,29.595589,-0.8044114112854004,0.8044114112854004
01071811.mseed,30.40000009536743,31.198025,0.7980246543884277,0.7980246543884277
01181516.mseed,30.90000009536743,30.105583,-0.7944169044494629,0.7944169044494629
03181052.mseed,30.40000009536743,31.094238,0.6942381858825684,0.6942381858825684
01211141.mseed,30.40000009536743,31.069672,0.6696715354919434,0.6696715354919434
10100125.mseed,30.59999990463257,29.954788,-0.6452116966247559,0.6452116966247559
04302038.mseed,31.0,30.354836,-0.6451644897460938,0.6451644897460938
10011529.mseed,30.0,30.62093,0.6209297180175781,0.6209297180175781
05200146.mseed,31.0,30.39109,-0.6089096069335938,0.6089096069335938
02221900.mseed,30.90000009536743,30.294537,-0.6054635047912598,0.6054635047912598
05010259.mseed,31.0,30.399979,-0.6000213623046875,0.6000213623046875
10230523.mseed,30.40000009536743,30.990154,0.5901541709899902,0.5901541709899902
02190549.mseed,31.0,30.410227,-0.5897731781005859,0.5897731781005859
08121724.mseed,31.0,30.411327,-0.5886726379394531,0.5886726379394531
01290255.mseed,31.0,30.41956,-0.5804405212402344,0.5804405212402344
12291528.mseed,30.0,30.57745,0.5774497985839844,0.5774497985839844
10190049.mseed,30.90000009536743,30.325584,-0.5744156837463379,0.5744156837463379
09181951.mseed,30.90000009536743,30.326187,-0.5738129615783691,0.5738129615783691
04260746.mseed,31.0,30.428411,-0.5715885162353516,0.5715885162353516
01200550.mseed,30.40000009536743,29.829647,-0.5703530311584473,0.5703530311584473
02111949.mseed,30.799999952316284,30.232216,-0.5677840709686279,0.5677840709686279
04301542.mseed,30.700000047683716,30.132877,-0.5671226978302002,0.5671226978302002
01212156.mseed,31.0,30.435696,-0.5643043518066406,0.5643043518066406
05120513.mseed,30.0,30.562511,0.5625114440917969,0.5625114440917969
12210817.mseed,30.799999952316284,30.237707,-0.5622928142547607,0.5622928142547607
07310604.mseed,31.0,30.442951,-0.5570487976074219,0.5570487976074219
05072055.mseed,31.0,30.443062,-0.5569381713867188,0.5569381713867188
12061924.mseed,30.90000009536743,30.347279,-0.5527215003967285,0.5527215003967285
05130454.mseed,31.0,30.447506,-0.5524940490722656,0.5524940490722656
02250407.mseed,30.299999952316284,30.847672,0.5476715564727783,0.5476715564727783
05041548.mseed,30.0,30.547298,0.5472984313964844,0.5472984313964844
11061713.mseed,30.90000009536743,30.35432,-0.5456795692443848,0.5456795692443848
02271546.mseed,31.0,30.457512,-0.5424880981445312,0.5424880981445312
08301456.mseed,30.09999990463257,30.639742,0.5397419929504395,0.5397419929504395
11242030.mseed,31.0,30.462261,-0.5377388000488281,0.5377388000488281
01141809.mseed,30.90000009536743,30.366035,-0.5339646339416504,0.5339646339416504
05040544.mseed,31.0,30.46657,-0.5334300994873047,0.5334300994873047
11140309.mseed,30.799999952316284,30.27309,-0.526909589767456,0.526909589767456
03201715.mseed,30.799999952316284,30.274933,-0.5250670909881592,0.5250670909881592
01230621.mseed,30.09999990463257,30.620258,0.5202584266662598,0.5202584266662598
05072046.mseed,30.0,30.516708,0.5167083740234375,0.5167083740234375
02131811.mseed,30.799999952316284,30.28331,-0.5166900157928467,0.5166900157928467
02171001.mseed,30.700000047683716,30.183756,-0.5162441730499268,0.5162441730499268
02061300.mseed,30.799999952316284,30.289547,-0.5104529857635498,0.5104529857635498
08092215.mseed,30.90000009536743,30.39082,-0.5091805458068848,0.5091805458068848
11062107.mseed,30.799999952316284,30.291798,-0.508202314376831,0.508202314376831
12300750.mseed,30.90000009536743,30.394213,-0.5057873725891113,0.5057873725891113
11232309.mseed,30.40000009536743,30.901709,0.5017085075378418,0.5017085075378418
02082028.mseed,30.90000009536743,30.40109,-0.49890947341918945,0.49890947341918945
02262349.mseed,30.90000009536743,30.40113,-0.4988694190979004,0.4988694190979004
01071548.mseed,30.0,30.498371,0.4983711242675781,0.4983711242675781
11201918.mseed,30.90000009536743,30.40166,-0.4983391761779785,0.4983391761779785
05032234.mseed,31.0,30.503447,-0.4965534210205078,0.4965534210205078
11140920.mseed,30.90000009536743,30.408024,-0.491976261138916,0.491976261138916
12020038.mseed,31.0,30.510582,-0.48941802978515625,0.48941802978515625
03181238.mseed,31.0,30.510967,-0.4890327453613281,0.4890327453613281
02241931.mseed,30.799999952316284,30.311821,-0.48817896842956543,0.48817896842956543
05130935.mseed,30.90000009536743,30.412115,-0.4878849983215332,0.4878849983215332
03051734.mseed,30.299999952316284,29.81492,-0.4850795269012451,0.4850795269012451
05010637.mseed,30.90000009536743,30.41553,-0.48447084426879883,0.48447084426879883
05021958.mseed,30.0,30.48416,0.4841594696044922,0.4841594696044922
05090140.mseed,30.59999990463257,30.116528,-0.4834723472595215,0.4834723472595215
01212153.mseed,30.90000009536743,30.42149,-0.47851037979125977,0.47851037979125977
01280334.mseed,30.0,30.474144,0.47414398193359375,0.47414398193359375
05012116.mseed,30.90000009536743,30.430601,-0.46939897537231445,0.46939897537231445
12031949.mseed,30.90000009536743,30.431583,-0.468416690826416,0.468416690826416
05120633.mseed,30.0,30.465244,0.4652442932128906,0.4652442932128906
12270454.mseed,30.90000009536743,30.440361,-0.4596390724182129,0.4596390724182129
11261414.mseed,30.90000009536743,30.44392,-0.45607995986938477,0.45607995986938477
02021906.mseed,30.0,30.455584,0.4555835723876953,0.4555835723876953
03122043.mseed,31.0,30.54505,-0.45495033264160156,0.45495033264160156
01150301.mseed,30.90000009536743,30.447803,-0.4521965980529785,0.4521965980529785
12032113.mseed,30.799999952316284,30.348223,-0.45177721977233887,0.45177721977233887
12141918.mseed,30.90000009536743,30.44833,-0.45167016983032227,0.45167016983032227
05012258.mseed,30.700000047683716,30.249977,-0.45002293586730957,0.45002293586730957
05221325.mseed,30.09999990463257,30.547558,0.4475579261779785,0.4475579261779785
10191623.mseed,30.700000047683716,30.254642,-0.4453575611114502,0.4453575611114502
03180654.mseed,30.90000009536743,30.455599,-0.44440126419067383,0.44440126419067383
05010625.mseed,30.90000009536743,30.456606,-0.44339418411254883,0.44339418411254883
03150531.mseed,30.09999990463257,30.541008,0.4410080909729004,0.4410080909729004
05011615.mseed,30.59999990463257,30.159676,-0.4403243064880371,0.4403243064880371
02250322.mseed,30.0,30.440098,0.4400978088378906,0.4400978088378906
05022210.mseed,30.90000009536743,30.459963,-0.44003725051879883,0.44003725051879883
04191036.mseed,30.799999952316284,30.362011,-0.4379889965057373,0.4379889965057373
05010808.mseed,30.0,30.435982,0.43598175048828125,0.43598175048828125
04300800.mseed,30.90000009536743,30.467178,-0.43282175064086914,0.43282175064086914
02051616.mseed,30.09999990463257,30.53132,0.4313206672668457,0.4313206672668457
05112254.mseed,30.09999990463257,30.524744,0.4247441291809082,0.4247441291809082
04171646.mseed,30.09999990463257,30.52406,0.4240593910217285,0.4240593910217285
05020814.mseed,30.799999952316284,30.377586,-0.42241358757019043,0.42241358757019043
01291005.mseed,30.0,30.419271,0.41927146911621094,0.41927146911621094
12290012.mseed,30.299999952316284,30.718544,0.41854405403137207,0.41854405403137207
08080156.mseed,30.799999952316284,30.38203,-0.4179694652557373,0.4179694652557373
03151543.mseed,30.700000047683716,30.284645,-0.41535496711730957,0.41535496711730957
10102000.mseed,30.09999990463257,30.513262,0.41326189041137695,0.41326189041137695
03180608.mseed,31.0,30.587076,-0.41292381286621094,0.41292381286621094
10062007.mseed,30.799999952316284,30.387222,-0.4127776622772217,0.4127776622772217
04202320.mseed,30.90000009536743,30.488531,-0.4114689826965332,0.4114689826965332
12300937.mseed,30.09999990463257,30.505733,0.405733585357666,0.405733585357666
05010515.mseed,30.200000047683716,30.604462,0.4044616222381592,0.4044616222381592
02032244.mseed,30.90000009536743,30.496395,-0.40360498428344727,0.40360498428344727
01201025.mseed,30.90000009536743,30.496586,-0.403414249420166,0.403414249420166
04300813.mseed,30.90000009536743,30.498425,-0.40157556533813477,0.40157556533813477
05310036.mseed,30.0,30.400688,0.40068817138671875,0.40068817138671875
05281827.mseed,30.200000047683716,30.599974,0.39997363090515137,0.39997363090515137
04231425.mseed,30.799999952316284,30.404198,-0.39580225944519043,0.39580225944519043
09040230.mseed,30.0,30.395397,0.3953971862792969,0.3953971862792969
05130044.mseed,30.59999990463257,30.205177,-0.3948225975036621,0.3948225975036621
05040109.mseed,30.90000009536743,30.505375,-0.394625186920166,0.394625186920166
05010535.mseed,30.799999952316284,30.407818,-0.3921821117401123,0.3921821117401123
10040904.mseed,30.09999990463257,30.490122,0.3901219367980957,0.3901219367980957
06301748.mseed,30.299999952316284,30.689034,0.38903355598449707,0.38903355598449707
01212146.mseed,30.90000009536743,30.5124,-0.3876004219055176,0.3876004219055176
05010132.mseed,30.700000047683716,30.318573,-0.3814270496368408,0.3814270496368408
05091441.mseed,30.09999990463257,30.479712,0.3797116279602051,0.3797116279602051
11031035.mseed,30.799999952316284,30.420612,-0.37938761711120605,0.37938761711120605
09130853.mseed,30.799999952316284,30.422009,-0.3779914379119873,0.3779914379119873
05221541.mseed,30.799999952316284,30.423286,-0.37671351432800293,0.37671351432800293
12210818.mseed,30.0,30.376568,0.3765678405761719,0.3765678405761719
08072325.mseed,30.90000009536743,30.524975,-0.37502527236938477,0.37502527236938477
06050431.mseed,30.09999990463257,30.474602,0.3746018409729004,0.3746018409729004
02270341.mseed,30.09999990463257,30.474133,0.3741326332092285,0.3741326332092285
01170215.mseed,30.09999990463257,30.47238,0.37237977981567383,0.37237977981567383
02171756.mseed,30.799999952316284,30.430222,-0.3697783946990967,0.3697783946990967
04170319.mseed,30.09999990463257,30.464184,0.3641839027404785,0.3641839027404785
04301157.mseed,30.09999990463257,30.463339,0.3633389472961426,0.3633389472961426
05200258.mseed,30.09999990463257,30.462906,0.36290597915649414,0.36290597915649414
11201732.mseed,30.0,30.36113,0.3611297607421875,0.3611297607421875
06131100.mseed,30.09999990463257,30.460331,0.36033105850219727,0.36033105850219727
05031240.mseed,30.799999952316284,30.440804,-0.35919642448425293,0.35919642448425293
10251717.mseed,30.200000047683716,30.557083,0.3570830821990967,0.3570830821990967
02201251.mseed,30.799999952316284,30.444868,-0.3551318645477295,0.3551318645477295
05091808.mseed,30.700000047683716,30.346636,-0.3533642292022705,0.3533642292022705
05061333.mseed,30.59999990463257,30.249836,-0.35016393661499023,0.35016393661499023
09290250.mseed,30.799999952316284,30.450706,-0.34929347038269043,0.34929347038269043
09250924.mseed,30.0,30.347736,0.3477363586425781,0.3477363586425781
08070619.mseed,30.90000009536743,30.552458,-0.34754228591918945,0.34754228591918945
06072043.mseed,30.200000047683716,30.545261,0.3452613353729248,0.3452613353729248
04300521.mseed,30.799999952316284,30.455486,-0.3445136547088623,0.3445136547088623
11071921.mseed,30.700000047683716,30.355862,-0.34413838386535645,0.34413838386535645
08310121.mseed,30.09999990463257,30.443903,0.3439030647277832,0.3439030647277832
01080344.mseed,30.799999952316284,30.456406,-0.3435943126678467,0.3435943126678467
04292243.mseed,30.90000009536743,30.55959,-0.3404107093811035,0.3404107093811035
04160730.mseed,30.5,30.159603,-0.3403968811035156,0.3403968811035156
12211834.mseed,30.09999990463257,30.438412,0.338411808013916,0.338411808013916
01312047.mseed,30.09999990463257,30.438332,0.3383316993713379,0.3383316993713379
12271328.mseed,30.90000009536743,30.562363,-0.33763742446899414,0.33763742446899414
04301720.mseed,30.09999990463257,30.436852,0.3368515968322754,0.3368515968322754
02180047.mseed,30.799999952316284,30.464687,-0.3353126049041748,0.3353126049041748
01052039.mseed,30.09999990463257,30.435131,0.3351311683654785,0.3351311683654785
01112206.mseed,30.200000047683716,30.535095,0.3350951671600342,0.3350951671600342
04300229.mseed,30.59999990463257,30.265694,-0.3343062400817871,0.3343062400817871
04302254.mseed,30.200000047683716,30.53421,0.3342101573944092,0.3342101573944092
05071942.mseed,30.09999990463257,30.434128,0.33412790298461914,0.33412790298461914
04300903.mseed,30.799999952316284,30.46769,-0.33231043815612793,0.33231043815612793
01200725.mseed,30.90000009536743,30.568424,-0.331575870513916,0.331575870513916
12230421.mseed,30.09999990463257,30.429707,0.32970666885375977,0.32970666885375977
02030423.mseed,30.799999952316284,30.471123,-0.32887721061706543,0.32887721061706543
06030447.mseed,30.299999952316284,29.971497,-0.3285033702850342,0.3285033702850342
06230750.mseed,30.799999952316284,30.471897,-0.32810282707214355,0.32810282707214355
05071739.mseed,30.200000047683716,30.527924,0.3279235363006592,0.3279235363006592
04250914.mseed,30.799999952316284,30.473633,-0.3263671398162842,0.3263671398162842
04211139.mseed,30.09999990463257,30.424423,0.32442331314086914,0.32442331314086914
11301241.mseed,30.700000047683716,30.376078,-0.32392239570617676,0.32392239570617676
11210227.mseed,30.200000047683716,30.523867,0.323866605758667,0.323866605758667
06150843.mseed,30.799999952316284,30.476223,-0.3237769603729248,0.3237769603729248
09270212.mseed,30.700000047683716,30.377056,-0.32294392585754395,0.32294392585754395
05312253.mseed,30.799999952316284,30.47823,-0.32177042961120605,0.32177042961120605
05110202.mseed,30.700000047683716,30.380816,-0.3191845417022705,0.3191845417022705
04190830.mseed,30.200000047683716,30.518867,0.31886744499206543,0.31886744499206543
02160833.mseed,30.200000047683716,30.516506,0.31650614738464355,0.31650614738464355
05140256.mseed,30.799999952316284,30.483753,-0.31624674797058105,0.31624674797058105
05011352.mseed,30.200000047683716,30.51621,0.3162105083465576,0.3162105083465576
04282251.mseed,30.799999952316284,30.484015,-0.31598544120788574,0.31598544120788574
12091245.mseed,30.09999990463257,30.414736,0.31473588943481445,0.31473588943481445
06060845.mseed,30.799999952316284,30.486034,-0.3139655590057373,0.3139655590057373
08210916.mseed,30.200000047683716,30.513855,0.3138549327850342,0.3138549327850342
03090511.mseed,30.799999952316284,30.486217,-0.3137824535369873,0.3137824535369873
05251121.mseed,30.200000047683716,30.513334,0.31333422660827637,0.31333422660827637
05020342.mseed,30.200000047683716,30.511623,0.31162333488464355,0.31162333488464355
02181339.mseed,30.700000047683716,30.388897,-0.31110310554504395,0.31110310554504395
02161245.mseed,30.09999990463257,30.41035,0.3103508949279785,0.3103508949279785
07100803.mseed,30.700000047683716,30.391489,-0.30851101875305176,0.30851101875305176
02041728.mseed,30.09999990463257,30.407547,0.30754709243774414,0.30754709243774414
07151839.mseed,30.200000047683716,30.50702,0.307020902633667,0.307020902633667
03190251.mseed,30.09999990463257,30.405888,0.30588769912719727,0.30588769912719727
01230026.mseed,30.799999952316284,30.495956,-0.3040435314178467,0.3040435314178467
02131359.mseed,30.700000047683716,30.396053,-0.30394673347473145,0.30394673347473145
05012225.mseed,30.09999990463257,30.40242,0.30242013931274414,0.30242013931274414
05032142.mseed,30.200000047683716,30.50133,0.3013293743133545,0.3013293743133545
10171648.mseed,30.59999990463257,30.299301,-0.30069875717163086,0.30069875717163086
11162041.mseed,30.700000047683716,30.399948,-0.3000519275665283,0.3000519275665283
05032120.mseed,30.799999952316284,30.5006,-0.29939913749694824,0.29939913749694824
03120703.mseed,30.799999952316284,30.501255,-0.29874491691589355,0.29874491691589355
02130618.mseed,30.700000047683716,30.401657,-0.2983429431915283,0.2983429431915283
09171510.mseed,30.700000047683716,30.402319,-0.2976810932159424,0.2976810932159424
01091840.mseed,30.799999952316284,30.507477,-0.2925231456756592,0.2925231456756592
09121221.mseed,30.799999952316284,30.508682,-0.2913177013397217,0.2913177013397217
05090516.mseed,30.799999952316284,30.509777,-0.2902228832244873,0.2902228832244873
12042209.mseed,30.200000047683716,30.489122,0.2891223430633545,0.2891223430633545
05091926.mseed,30.200000047683716,30.489098,0.28909754753112793,0.28909754753112793
02281115.mseed,30.59999990463257,30.311123,-0.288877010345459,0.288877010345459
12170650.mseed,30.700000047683716,30.411667,-0.2883331775665283,0.2883331775665283
12270441.mseed,30.799999952316284,30.51195,-0.28805041313171387,0.28805041313171387
10250508.mseed,30.59999990463257,30.315496,-0.2845034599304199,0.2845034599304199
04170654.mseed,30.200000047683716,30.483612,0.2836120128631592,0.2836120128631592
10090429.mseed,30.59999990463257,30.317026,-0.2829737663269043,0.2829737663269043
08190209.mseed,30.700000047683716,30.417519,-0.28248143196105957,0.28248143196105957
01200215.mseed,30.59999990463257,30.317825,-0.28217458724975586,0.28217458724975586
09130458.mseed,30.700000047683716,30.419836,-0.2801640033721924,0.2801640033721924
05120928.mseed,30.299999952316284,30.576782,0.2767822742462158,0.2767822742462158
10272004.mseed,30.799999952316284,30.523624,-0.27637553215026855,0.27637553215026855
10070448.mseed,30.09999990463257,30.37622,0.27622079849243164,0.27622079849243164
11151406.mseed,30.200000047683716,30.472857,0.2728564739227295,0.2728564739227295
01200219.mseed,30.799999952316284,30.53064,-0.2693603038787842,0.2693603038787842
01042205.mseed,30.59999990463257,30.33102,-0.268979549407959,0.268979549407959
03192108.mseed,30.799999952316284,30.53162,-0.26837992668151855,0.26837992668151855
05190145.mseed,30.200000047683716,30.467411,0.2674109935760498,0.2674109935760498
10070214.mseed,30.200000047683716,30.466574,0.2665736675262451,0.2665736675262451
11262018.mseed,30.59999990463257,30.335129,-0.26487112045288086,0.26487112045288086
03031938.mseed,30.40000009536743,30.137016,-0.2629837989807129,0.2629837989807129
01030028.mseed,30.200000047683716,30.46264,0.26264071464538574,0.26264071464538574
08110259.mseed,30.799999952316284,30.53758,-0.2624194622039795,0.2624194622039795
05272133.mseed,30.09999990463257,30.361656,0.2616562843322754,0.2616562843322754
05020509.mseed,30.700000047683716,30.439056,-0.2609436511993408,0.2609436511993408
05301017.mseed,30.200000047683716,30.460644,0.26064372062683105,0.26064372062683105
04100031.mseed,30.59999990463257,30.339735,-0.26026487350463867,0.26026487350463867
05010048.mseed,30.200000047683716,30.45996,0.2599608898162842,0.2599608898162842
12160018.mseed,30.299999952316284,30.041697,-0.2583034038543701,0.2583034038543701
05090145.mseed,30.700000047683716,30.442467,-0.25753331184387207,0.25753331184387207
11201101.mseed,30.200000047683716,30.456074,0.2560737133026123,0.2560737133026123
03230509.mseed,30.799999952316284,30.547043,-0.2529571056365967,0.2529571056365967
12100006.mseed,30.700000047683716,30.447605,-0.2523949146270752,0.2523949146270752
05081552.mseed,30.59999990463257,30.350262,-0.24973821640014648,0.24973821640014648
05011021.mseed,30.700000047683716,30.451782,-0.24821782112121582,0.24821782112121582
04300931.mseed,30.09999990463257,30.348095,0.24809503555297852,0.24809503555297852
03020205.mseed,30.700000047683716,30.453543,-0.24645733833312988,0.24645733833312988
02180915.mseed,30.299999952316284,30.544418,0.24441838264465332,0.24441838264465332
05010354.mseed,30.200000047683716,30.44403,0.24403071403503418,0.24403071403503418
04301131.mseed,30.700000047683716,30.456093,-0.24390721321105957,0.24390721321105957
12301351.mseed,30.09999990463257,30.343601,0.24360132217407227,0.24360132217407227
01201233.mseed,30.799999952316284,30.557274,-0.24272608757019043,0.24272608757019043
03090407.mseed,30.700000047683716,30.459229,-0.24077153205871582,0.24077153205871582
05022351.mseed,30.59999990463257,30.359798,-0.24020147323608398,0.24020147323608398
05010642.mseed,30.700000047683716,30.459927,-0.24007344245910645,0.24007344245910645
05021508.mseed,30.09999990463257,30.33981,0.23980951309204102,0.23980951309204102
02260201.mseed,30.200000047683716,30.43803,0.23803019523620605,0.23803019523620605
11271131.mseed,30.09999990463257,30.337696,0.23769617080688477,0.23769617080688477
06012254.mseed,30.700000047683716,30.463844,-0.23615574836730957,0.23615574836730957
03191350.mseed,30.700000047683716,30.464903,-0.23509716987609863,0.23509716987609863
05030914.mseed,30.700000047683716,30.465183,-0.2348167896270752,0.2348167896270752
05090611.mseed,30.09999990463257,30.33317,0.2331700325012207,0.2331700325012207
01221406.mseed,30.40000009536743,30.632933,0.23293256759643555,0.23293256759643555
02231505.mseed,30.299999952316284,30.530523,0.23052334785461426,0.23052334785461426
02082306.mseed,30.200000047683716,30.429928,0.22992777824401855,0.22992777824401855
05022201.mseed,30.200000047683716,30.429554,0.2295539379119873,0.2295539379119873
05192024.mseed,30.5,30.270508,-0.2294921875,0.2294921875
02260509.mseed,30.200000047683716,30.428934,0.22893404960632324,0.22893404960632324
05020431.mseed,30.59999990463257,30.371443,-0.22855710983276367,0.22855710983276367
04302034.mseed,30.200000047683716,30.426788,0.22678828239440918,0.22678828239440918
01042052.mseed,30.59999990463257,30.376852,-0.22314786911010742,0.22314786911010742
07051153.mseed,30.200000047683716,30.423103,0.22310328483581543,0.22310328483581543
01311105.mseed,30.59999990463257,30.379398,-0.22060155868530273,0.22060155868530273
10250512.mseed,30.700000047683716,30.481194,-0.21880650520324707,0.21880650520324707
05071613.mseed,30.200000047683716,30.41647,0.21646952629089355,0.21646952629089355
12262325.mseed,30.5,30.716057,0.21605682373046875,0.21605682373046875
06242114.mseed,30.200000047683716,30.414371,0.2143714427947998,0.2143714427947998
02071511.mseed,30.299999952316284,30.513666,0.21366620063781738,0.21366620063781738
09250946.mseed,30.299999952316284,30.512503,0.21250271797180176,0.21250271797180176
10241905.mseed,30.59999990463257,30.810669,0.21066904067993164,0.21066904067993164
06221152.mseed,30.200000047683716,30.408138,0.20813822746276855,0.20813822746276855
05291948.mseed,30.299999952316284,30.507488,0.2074882984161377,0.2074882984161377
11181154.mseed,30.5,30.295498,-0.20450210571289062,0.20450210571289062
05150113.mseed,30.200000047683716,30.404121,0.20412135124206543,0.20412135124206543
06201012.mseed,30.299999952316284,30.500315,0.20031476020812988,0.20031476020812988
08010408.mseed,30.700000047683716,30.501184,-0.19881558418273926,0.19881558418273926
05101009.mseed,30.200000047683716,30.397089,0.19708895683288574,0.19708895683288574
06030722.mseed,30.5,30.304094,-0.1959056854248047,0.1959056854248047
05010057.mseed,30.200000047683716,30.395378,0.19537806510925293,0.19537806510925293
05021642.mseed,30.299999952316284,30.494799,0.19479870796203613,0.19479870796203613
06301312.mseed,30.5,30.309679,-0.1903209686279297,0.1903209686279297
05010517.mseed,30.200000047683716,30.388351,0.18835139274597168,0.18835139274597168
12311917.mseed,30.700000047683716,30.511845,-0.1881554126739502,0.1881554126739502
08301156.mseed,30.299999952316284,30.488117,0.18811726570129395,0.18811726570129395
05050034.mseed,30.59999990463257,30.412245,-0.18775510787963867,0.18775510787963867
05220032.mseed,30.200000047683716,30.387192,0.18719172477722168,0.18719172477722168
04302159.mseed,30.299999952316284,30.485146,0.18514561653137207,0.18514561653137207
04180719.mseed,30.59999990463257,30.41753,-0.18246984481811523,0.18246984481811523
03171707.mseed,30.59999990463257,30.4199,-0.1800990104675293,0.1800990104675293
04282135.mseed,30.200000047683716,30.377201,0.1772010326385498,0.1772010326385498
12211829.mseed,30.200000047683716,30.3769,0.17689967155456543,0.17689967155456543
04301121.mseed,30.299999952316284,30.476711,0.1767113208770752,0.1767113208770752
04031646.mseed,29.59999990463257,29.775318,0.17531824111938477,0.17531824111938477
01230433.mseed,30.299999952316284,30.474123,0.17412304878234863,0.17412304878234863
05241804.mseed,30.700000047683716,30.526003,-0.173997163772583,0.173997163772583
11192229.mseed,30.299999952316284,30.473885,0.17388463020324707,0.17388463020324707
10200454.mseed,30.299999952316284,30.472122,0.17212224006652832,0.17212224006652832
08082248.mseed,30.299999952316284,30.470367,0.17036747932434082,0.17036747932434082
06151842.mseed,30.40000009536743,30.569185,0.16918516159057617,0.16918516159057617
02180547.mseed,30.5,30.332924,-0.16707611083984375,0.16707611083984375
05152240.mseed,30.59999990463257,30.432957,-0.16704320907592773,0.16704320907592773
11170737.mseed,30.40000009536743,30.566584,0.16658353805541992,0.16658353805541992
02270433.mseed,30.299999952316284,30.465843,0.16584324836730957,0.16584324836730957
05040018.mseed,30.700000047683716,30.534685,-0.1653149127960205,0.1653149127960205
11232014.mseed,30.59999990463257,30.437016,-0.16298437118530273,0.16298437118530273
05012026.mseed,30.700000047683716,30.538576,-0.161423921585083,0.161423921585083
04292030.mseed,30.59999990463257,30.441917,-0.1580824851989746,0.1580824851989746
05072214.mseed,30.299999952316284,30.455032,0.15503239631652832,0.15503239631652832
02260231.mseed,30.700000047683716,30.545395,-0.15460515022277832,0.15460515022277832
05011438.mseed,30.299999952316284,30.454468,0.15446782112121582,0.15446782112121582
01061937.mseed,30.5,30.349693,-0.15030670166015625,0.15030670166015625
04301221.mseed,30.200000047683716,30.349667,0.14966654777526855,0.14966654777526855
09030405.mseed,30.40000009536743,30.250515,-0.14948511123657227,0.14948511123657227
01092211.mseed,30.09999990463257,30.248917,0.14891672134399414,0.14891672134399414
12220620.mseed,30.700000047683716,30.552473,-0.14752697944641113,0.14752697944641113
10040922.mseed,30.299999952316284,30.446629,0.14662861824035645,0.14662861824035645
08071331.mseed,30.09999990463257,30.245773,0.14577341079711914,0.14577341079711914
04152328.mseed,30.59999990463257,30.454521,-0.1454787254333496,0.1454787254333496
01051038.mseed,30.299999952316284,30.44487,0.14487004280090332,0.14487004280090332
04301218.mseed,30.200000047683716,30.342451,0.14245104789733887,0.14245104789733887
02211626.mseed,30.299999952316284,30.442307,0.14230656623840332,0.14230656623840332
08132010.mseed,30.200000047683716,30.342129,0.14212870597839355,0.14212870597839355
01230435.mseed,30.299999952316284,30.441967,0.1419670581817627,0.1419670581817627
11182152.mseed,30.40000009536743,30.25856,-0.14143991470336914,0.14143991470336914
04302059.mseed,30.59999990463257,30.458685,-0.14131498336791992,0.14131498336791992
05072019.mseed,30.5,30.362389,-0.13761138916015625,0.13761138916015625
03170249.mseed,30.40000009536743,30.53759,0.1375899314880371,0.1375899314880371
01231229.mseed,30.59999990463257,30.462568,-0.13743162155151367,0.13743162155151367
01291331.mseed,30.700000047683716,30.562706,-0.13729405403137207,0.13729405403137207
06232219.mseed,30.700000047683716,30.562954,-0.13704609870910645,0.13704609870910645
02180617.mseed,30.700000047683716,30.563253,-0.13674664497375488,0.13674664497375488
11081817.mseed,30.299999952316284,30.435932,0.13593220710754395,0.13593220710754395
09250839.mseed,30.299999952316284,30.435703,0.13570332527160645,0.13570332527160645
03231807.mseed,30.299999952316284,30.435574,0.1355736255645752,0.1355736255645752
01082302.mseed,30.700000047683716,30.56514,-0.13486027717590332,0.13486027717590332
02231536.mseed,30.700000047683716,30.56517,-0.13482975959777832,0.13482975959777832
06300529.mseed,30.5,30.367508,-0.1324920654296875,0.1324920654296875
01030253.mseed,30.299999952316284,30.43129,0.13128972053527832,0.13128972053527832
01200622.mseed,30.5,30.630348,0.13034820556640625,0.13034820556640625
09131058.mseed,30.40000009536743,30.530222,0.13022184371948242,0.13022184371948242
05011600.mseed,30.09999990463257,30.230213,0.13021326065063477,0.13021326065063477
02080846.mseed,30.59999990463257,30.470398,-0.12960195541381836,0.12960195541381836
09270948.mseed,30.59999990463257,30.47086,-0.12914037704467773,0.12914037704467773
04301022.mseed,30.5,30.37162,-0.12837982177734375,0.12837982177734375
07161549.mseed,30.59999990463257,30.47187,-0.1281294822692871,0.1281294822692871
05150122.mseed,30.59999990463257,30.47197,-0.12803030014038086,0.12803030014038086
05091529.mseed,30.59999990463257,30.473837,-0.12616300582885742,0.12616300582885742
06221151.mseed,30.40000009536743,30.274849,-0.1251511573791504,0.1251511573791504
05020024.mseed,30.40000009536743,30.524778,0.12477827072143555,0.12477827072143555
01130241.mseed,30.59999990463257,30.476961,-0.12303876876831055,0.12303876876831055
01072355.mseed,30.59999990463257,30.477947,-0.12205266952514648,0.12205266952514648
01211715.mseed,30.40000009536743,30.279312,-0.12068796157836914,0.12068796157836914
01211010.mseed,30.700000047683716,30.58041,-0.11959004402160645,0.11959004402160645
01191850.mseed,30.40000009536743,30.519073,0.11907339096069336,0.11907339096069336
05190354.mseed,30.59999990463257,30.481415,-0.11858510971069336,0.11858510971069336
05291925.mseed,30.59999990463257,30.48275,-0.11724996566772461,0.11724996566772461
04211549.mseed,30.5,30.383661,-0.11633872985839844,0.11633872985839844
01050810.mseed,30.40000009536743,30.283733,-0.11626672744750977,0.11626672744750977
05241340.mseed,30.59999990463257,30.483881,-0.1161189079284668,0.1161189079284668
02230623.mseed,30.299999952316284,30.415836,0.11583638191223145,0.11583638191223145
06091713.mseed,30.59999990463257,30.48568,-0.11432027816772461,0.11432027816772461
02151247.mseed,30.59999990463257,30.48699,-0.11300992965698242,0.11300992965698242
12032224.mseed,30.59999990463257,30.489853,-0.11014699935913086,0.11014699935913086
05221119.mseed,30.5,30.3908,-0.10919952392578125,0.10919952392578125
07252348.mseed,30.5,30.391048,-0.10895156860351562,0.10895156860351562
05011157.mseed,30.5,30.39112,-0.10887908935546875,0.10887908935546875
10110803.mseed,30.700000047683716,30.591454,-0.10854649543762207,0.10854649543762207
04290510.mseed,30.5,30.391764,-0.10823631286621094,0.10823631286621094
05041852.mseed,30.299999952316284,30.408197,0.10819745063781738,0.10819745063781738
02192210.mseed,30.59999990463257,30.493435,-0.10656499862670898,0.10656499862670898
01200435.mseed,30.59999990463257,30.496944,-0.10305547714233398,0.10305547714233398
11280302.mseed,30.59999990463257,30.498743,-0.1012568473815918,0.1012568473815918
05141501.mseed,30.5,30.3992,-0.100799560546875,0.100799560546875
07102150.mseed,30.40000009536743,30.301083,-0.09891748428344727,0.09891748428344727
05011733.mseed,30.299999952316284,30.398874,0.09887433052062988,0.09887433052062988
04261239.mseed,30.5,30.403095,-0.09690475463867188,0.09690475463867188
10012206.mseed,30.5,30.404236,-0.09576416015625,0.09576416015625
09182134.mseed,30.59999990463257,30.693344,0.09334421157836914,0.09334421157836914
04292354.mseed,30.40000009536743,30.490631,0.09063100814819336,0.09063100814819336
05032008.mseed,30.59999990463257,30.510715,-0.08928442001342773,0.08928442001342773
05051134.mseed,30.299999952316284,30.38892,0.08891987800598145,0.08891987800598145
11011111.mseed,30.59999990463257,30.513466,-0.08653402328491211,0.08653402328491211
04300413.mseed,30.40000009536743,30.48592,0.08591985702514648,0.08591985702514648
05010919.mseed,30.40000009536743,30.48505,0.08505010604858398,0.08505010604858398
01191255.mseed,30.40000009536743,30.31643,-0.08357095718383789,0.08357095718383789
05031602.mseed,30.5,30.581799,0.08179855346679688,0.08179855346679688
02201132.mseed,30.40000009536743,30.481419,0.08141851425170898,0.08141851425170898
12090816.mseed,30.299999952316284,30.379742,0.0797417163848877,0.0797417163848877
05061458.mseed,30.5,30.579063,0.07906341552734375,0.07906341552734375
04302246.mseed,30.59999990463257,30.522064,-0.07793569564819336,0.07793569564819336
09280529.mseed,30.40000009536743,30.475922,0.07592153549194336,0.07592153549194336
05031251.mseed,30.40000009536743,30.330238,-0.06976175308227539,0.06976175308227539
05090411.mseed,30.40000009536743,30.468746,0.06874608993530273,0.06874608993530273
03151650.mseed,30.59999990463257,30.531696,-0.06830358505249023,0.06830358505249023
05200855.mseed,30.5,30.431946,-0.06805419921875,0.06805419921875
03052305.mseed,30.59999990463257,30.531973,-0.06802701950073242,0.06802701950073242
05010831.mseed,30.299999952316284,30.36747,0.06746983528137207,0.06746983528137207
05080945.mseed,30.40000009536743,30.46677,0.06677007675170898,0.06677007675170898
12060645.mseed,30.5,30.435532,-0.0644683837890625,0.0644683837890625
05081558.mseed,30.40000009536743,30.464222,0.06422185897827148,0.06422185897827148
05081429.mseed,30.40000009536743,30.463184,0.06318426132202148,0.06318426132202148
12111851.mseed,30.5,30.439674,-0.06032562255859375,0.06032562255859375
03181036.mseed,30.5,30.440529,-0.05947113037109375,0.05947113037109375
05011107.mseed,30.5,30.442526,-0.05747413635253906,0.05747413635253906
05041140.mseed,30.40000009536743,30.455498,0.05549764633178711,0.05549764633178711
05282332.mseed,30.5,30.554136,0.05413627624511719,0.05413627624511719
12140503.mseed,30.5,30.446928,-0.05307197570800781,0.05307197570800781
05130505.mseed,30.5,30.447206,-0.05279350280761719,0.05279350280761719
11150101.mseed,30.40000009536743,30.45213,0.052129268646240234,0.052129268646240234
01142119.mseed,30.59999990463257,30.54803,-0.051969051361083984,0.051969051361083984
02200527.mseed,30.200000047683716,30.25113,0.05112910270690918,0.05112910270690918
03111708.mseed,30.799999952316284,30.849419,0.04941868782043457,0.04941868782043457
11112123.mseed,30.5,30.450834,-0.04916572570800781,0.04916572570800781
05120552.mseed,30.5,30.451649,-0.048351287841796875,0.048351287841796875
04110253.mseed,30.5,30.54746,0.04746055603027344,0.04746055603027344
05040823.mseed,30.5,30.453003,-0.0469970703125,0.0469970703125
02161959.mseed,30.200000047683716,30.24683,0.046829938888549805,0.046829938888549805
07180149.mseed,30.5,30.543324,0.043323516845703125,0.043323516845703125
01071805.mseed,30.40000009536743,30.357346,-0.04265451431274414,0.04265451431274414
07160820.mseed,30.40000009536743,30.358177,-0.04182291030883789,0.04182291030883789
02222150.mseed,30.5,30.541313,0.04131317138671875,0.04131317138671875
04190522.mseed,30.5,30.458908,-0.0410919189453125,0.0410919189453125
11221729.mseed,30.40000009536743,30.362888,-0.037111759185791016,0.037111759185791016
05031413.mseed,30.5,30.463198,-0.03680229187011719,0.03680229187011719
01200601.mseed,30.299999952316284,30.336617,0.03661656379699707,0.03661656379699707
01310732.mseed,30.40000009536743,30.43628,0.03627920150756836,0.03627920150756836
05030654.mseed,30.299999952316284,30.33535,0.03535008430480957,0.03535008430480957
10151747.mseed,30.299999952316284,30.265137,-0.03486323356628418,0.03486323356628418
05291212.mseed,30.5,30.466835,-0.03316497802734375,0.03316497802734375
05011543.mseed,30.40000009536743,30.432816,0.03281545639038086,0.03281545639038086
02280859.mseed,30.40000009536743,30.432508,0.03250837326049805,0.03250837326049805
06030422.mseed,30.40000009536743,30.368107,-0.031893253326416016,0.031893253326416016
06221035.mseed,30.5,30.531801,0.03180122375488281,0.03180122375488281
02151635.mseed,30.40000009536743,30.369091,-0.030909061431884766,0.030909061431884766
12110003.mseed,30.09999990463257,30.130096,0.03009653091430664,0.03009653091430664
05010935.mseed,30.40000009536743,30.429699,0.029698848724365234,0.029698848724365234
05071745.mseed,30.5,30.470867,-0.029132843017578125,0.029132843017578125
05030724.mseed,30.299999952316284,30.326881,0.02688145637512207,0.02688145637512207
10270744.mseed,30.299999952316284,30.274057,-0.025942564010620117,0.025942564010620117
05071807.mseed,30.40000009536743,30.42586,0.025859355926513672,0.025859355926513672
06220658.mseed,30.40000009536743,30.423424,0.02342367172241211,0.02342367172241211
05162201.mseed,30.299999952316284,30.32335,0.023350954055786133,0.023350954055786133
05130527.mseed,30.40000009536743,30.422653,0.02265310287475586,0.02265310287475586
01091742.mseed,30.5,30.478619,-0.021381378173828125,0.021381378173828125
04252112.mseed,30.5,30.478653,-0.0213470458984375,0.0213470458984375
03131714.mseed,30.299999952316284,30.280296,-0.01970362663269043,0.01970362663269043
11170446.mseed,30.5,30.519047,0.019046783447265625,0.019046783447265625
05080652.mseed,30.5,30.518059,0.01805877685546875,0.01805877685546875
05062326.mseed,30.40000009536743,30.418055,0.018054485321044922,0.018054485321044922
01110314.mseed,30.5,30.51801,0.018009185791015625,0.018009185791015625
05012250.mseed,30.5,30.516777,0.01677703857421875,0.01677703857421875
04302358.mseed,30.40000009536743,30.415798,0.015798091888427734,0.015798091888427734
12232225.mseed,30.59999990463257,30.584269,-0.015731334686279297,0.015731334686279297
10211300.mseed,30.299999952316284,30.315159,0.015158891677856445,0.015158891677856445
04260846.mseed,30.5,30.514019,0.014019012451171875,0.014019012451171875
05101839.mseed,30.40000009536743,30.38842,-0.01157999038696289,0.01157999038696289
04202318.mseed,30.40000009536743,30.389336,-0.01066446304321289,0.01066446304321289
02131454.mseed,30.40000009536743,30.409245,0.009244441986083984,0.009244441986083984
02230932.mseed,30.40000009536743,30.40907,0.009068965911865234,0.009068965911865234
12201043.mseed,30.40000009536743,30.40844,0.00843954086303711,0.00843954086303711
06010404.mseed,30.5,30.491634,-0.008365631103515625,0.008365631103515625
01161227.mseed,30.299999952316284,30.308346,0.008345842361450195,0.008345842361450195
04180541.mseed,30.40000009536743,30.391869,-0.00813150405883789,0.00813150405883789
04150010.mseed,30.40000009536743,30.39432,-0.005680561065673828,0.005680561065673828
02211109.mseed,30.299999952316284,30.305443,0.00544285774230957,0.00544285774230957
05020150.mseed,30.40000009536743,30.404804,0.004804134368896484,0.004804134368896484
02071752.mseed,30.5,30.495295,-0.0047054290771484375,0.0047054290771484375
05220335.mseed,30.5,30.504665,0.004665374755859375,0.004665374755859375
05011132.mseed,30.40000009536743,30.397295,-0.002705097198486328,0.002705097198486328
05131152.mseed,30.40000009536743,30.397833,-0.002167224884033203,0.002167224884033203
01272228.mseed,30.40000009536743,30.398228,-0.0017724037170410156,0.0017724037170410156
