File ID,Is Valid,Signal Duration (s),arrival_time,Error
1010056,True,69.01,30.6,
1010332,True,74.01,30.1,
1010543,True,64.01,26.0,
1010544,True,65.01,30.5,
1010950,True,73.01,30.1,
1011302,True,79.01,30.6,
1011314,True,70.01,30.8,
1011412,True,67.01,31.0,
1011431,True,71.01,30.6,
1011908,True,70.01,30.9,
1012044,True,71.01,30.1,
1012049,True,77.01,30.3,
1012120,True,66.01,30.2,
1012126,True,68.01,30.4,
1012153,True,64.01,30.4,
1020413,True,79.01,30.3,
1020421,True,82.01,30.2,
1020442,True,73.01,30.4,
1020449,True,75.01,30.5,
1020501,True,76.01,30.8,
1020550,True,73.01,30.9,
1020957,True,70.01,31.0,
1022037,True,73.01,30.1,
1030002,True,67.01,30.5,
1030010,True,71.01,30.8,
1030028,True,74.01,30.2,
1030109,True,80.01,30.8,
1030110,True,85.01,30.9,
1030201,True,73.01,30.1,
1030253,True,72.01,30.3,
1030354,True,69.01,30.6,
1031535,True,68.01,30.5,
1040015,True,72.01,31.0,
1040021,True,69.01,31.0,
1040024,True,70.01,30.8,
1040033,True,76.01,30.6,
1040144,True,66.01,31.0,
1040257,True,81.01,30.1,
1040332,True,73.01,30.1,
1040407,True,79.01,30.5,
1040408,True,83.01,30.7,
1040534,True,70.01,31.0,
1041858,True,70.01,30.8,
1042052,True,75.01,30.6,
1042205,True,83.01,30.6,
1050315,True,71.01,30.1,
1050543,True,72.01,17.7,
1050621,True,66.01,30.4,
1050810,True,71.01,30.4,
1051038,True,69.01,30.3,
1051408,True,70.01,30.0,
1052039,True,72.01,30.1,
1052103,True,66.01,30.9,
1061031,True,72.01,30.9,
1061112,True,69.01,30.1,
1061214,True,80.01,30.9,
1061937,True,71.01,30.5,
1062031,True,68.01,30.3,
1062035,True,67.01,30.7,
1062222,True,66.01,30.6,
1062341,True,66.01,30.9,
1070122,True,66.01,31.0,
1070146,True,71.01,30.9,
1070256,True,80.01,30.1,
1070943,True,70.01,30.1,
1071237,True,81.01,30.4,
1071520,True,75.01,30.0,
1071548,True,74.01,30.0,
1071758,True,73.01,30.9,
1071805,True,73.01,30.4,
1071811,True,68.01,30.4,
1071835,True,76.01,30.3,
1071949,True,72.01,30.8,
1072355,True,77.01,30.6,
1080205,True,76.01,30.5,
1080211,True,77.01,30.4,
1080344,True,65.01,30.8,
1080440,True,71.01,30.0,
1080520,True,64.01,31.0,
1081101,True,68.01,30.6,
1081300,True,68.01,30.3,
1081844,True,79.01,30.9,
1081927,True,68.01,31.0,
1082257,True,71.01,30.4,
1082302,True,74.01,30.7,
1082313,True,69.01,30.5,
1090019,True,71.01,30.1,
1090025,True,75.01,30.2,
1090508,True,73.01,30.2,
1090755,True,75.01,30.7,
1090858,True,75.01,30.8,
1091004,True,77.01,30.3,
1091129,True,71.01,30.3,
1091742,True,66.01,30.5,
1091756,True,65.01,30.9,
1091824,True,66.01,30.6,
1091840,True,73.01,30.8,
1091950,True,75.01,30.5,
1092109,True,67.01,30.1,
1092145,True,78.01,31.0,
1092211,True,73.01,30.1,
1092221,True,69.01,30.9,
1100231,True,73.01,31.0,
1101510,True,76.01,30.8,
1101625,True,77.01,30.2,
1101633,True,84.01,30.8,
1101723,True,72.01,30.7,
1101840,True,71.01,31.0,
1102005,True,74.01,30.9,
1110314,True,67.01,30.5,
1111544,True,74.01,30.9,
1112206,True,67.01,30.2,
1120019,True,69.01,30.7,
1120525,True,68.01,30.6,
1121121,True,78.01,30.2,
1121928,True,67.01,30.7,
1122025,True,72.01,30.5,
1122046,True,66.01,30.6,
1122123,True,65.01,30.7,
1122209,True,62.01,30.5,
1122347,True,83.01,31.0,
1130111,True,62.01,30.7,
1130118,True,120.01,30.7,
1130123,True,124.01,31.5,
1130241,True,79.01,30.6,
1130310,True,65.01,30.5,
1130852,True,71.01,30.8,
1131027,True,70.01,30.9,
1131106,True,65.01,30.6,
1131709,True,72.01,30.8,
1140007,True,73.01,30.9,
1140502,True,76.01,31.0,
1140849,True,79.01,30.9,
1140951,True,75.01,30.9,
1141809,True,77.01,30.9,
1142119,True,79.01,30.6,
1142309,True,75.01,30.8,
1142356,True,71.01,30.2,
1150236,True,75.01,30.4,
1150237,True,75.01,31.0,
1150258,True,71.01,30.2,
1150301,True,72.01,30.9,
1150913,True,75.01,30.5,
1151144,True,76.01,30.1,
1151534,True,72.01,31.0,
1152343,True,83.01,30.2,
1160958,True,75.01,30.4,
1161101,True,66.01,30.4,
1161214,True,77.01,30.5,
1161227,True,72.01,30.3,
1161231,True,70.01,30.5,
1161249,True,76.01,30.4,
1161253,True,76.01,30.8,
1161327,True,84.01,30.6,
1161743,True,70.01,31.0,
1162009,True,75.01,30.8,
1162248,True,69.01,30.5,
1170215,True,67.01,30.1,
1170301,True,66.01,30.9,
1171129,True,74.01,30.7,
1171146,True,78.01,30.1,
1171531,True,84.01,30.1,
1181333,True,70.01,30.7,
1181516,True,63.01,30.9,
1181529,True,86.01,30.1,
1181732,True,75.01,30.1,
1190252,True,66.01,30.9,
1191046,True,72.01,30.3,
1191255,True,65.01,30.4,
1191808,True,68.01,30.3,
1191850,True,74.01,30.4,
1191859,True,79.01,30.8,
1192123,True,79.01,30.6,
1192258,True,63.01,23.9,
1200005,True,71.01,30.5,
1200142,True,69.01,31.0,
1200156,True,66.01,30.4,
1200211,True,67.01,30.8,
1200215,True,73.01,30.6,
1200219,True,67.01,30.8,
1200231,True,66.01,30.7,
1200232,True,66.01,30.5,
1200252,True,74.01,30.8,
1200324,True,66.01,30.8,
1200351,True,75.01,30.7,
1200407,True,72.01,30.8,
1200409,True,76.01,30.1,
1200433,True,71.01,30.4,
1200435,True,67.01,30.6,
1200441,True,67.01,31.0,
1200453,True,66.01,30.9,
1200454,True,73.01,30.1,
1200456,False,67.01,-9.5,P arrival time (-9.50s) outside signal duration (0 to 67.01s)
1200504,True,64.01,30.5,
1200507,True,70.01,30.3,
1200509,True,65.01,30.6,
1200511,True,72.01,30.8,
1200517,False,67.01,68.8,P arrival time (68.80s) outside signal duration (0 to 67.01s)
1200519,True,67.01,6.0,
1200521,True,63.01,30.2,
1200522,True,63.01,30.2,
1200524,True,64.01,30.7,
1200525,True,77.01,30.1,
1200526,True,70.01,30.1,
1200528,True,77.01,30.9,
1200531,False,67.01,-13.3,P arrival time (-13.30s) outside signal duration (0 to 67.01s)
1200532,True,64.01,14.3,
1200533,True,76.01,30.5,
1200536,True,80.01,30.0,
1200542,True,68.01,30.2,
1200547,True,89.01,30.8,
1200550,True,70.01,30.4,
1200551,True,65.01,30.6,
1200601,True,80.01,30.3,
1200622,True,68.01,30.5,
1200725,True,72.01,30.9,
1200842,True,71.01,30.7,
1200847,True,77.01,30.5,
1200925,True,72.01,30.3,
1200948,True,66.01,30.4,
1201014,True,81.01,30.4,
1201025,True,71.01,30.9,
1201217,False,67.01,-13.0,P arrival time (-13.00s) outside signal duration (0 to 67.01s)
1201228,True,68.01,30.9,
1201233,True,68.01,30.8,
1201710,True,67.01,30.1,
1210201,True,68.01,30.4,
1210212,True,74.01,30.5,
1210318,True,69.01,31.0,
1210411,True,70.01,30.2,
1210526,True,67.01,30.2,
1210724,True,68.01,30.2,
1210926,True,69.01,30.7,
1211010,True,78.01,30.7,
1211039,True,73.01,30.1,
1211141,True,70.01,30.4,
1211655,True,76.01,30.7,
1211715,True,81.01,30.4,
1211952,True,74.01,30.6,
1212117,True,68.01,30.6,
1212143,True,85.01,30.2,
1212146,True,72.01,30.9,
1212151,True,70.01,30.3,
1212153,True,80.01,30.9,
1212156,True,71.01,31.0,
1212258,True,70.01,31.0,
1220014,True,73.01,30.6,
1220100,True,82.01,30.7,
1220330,True,77.01,30.2,
1221351,True,66.01,44.6,
1221406,True,67.01,30.4,
1230026,True,81.01,30.8,
1230028,True,73.01,30.6,
1230332,True,71.01,31.0,
1230431,True,84.01,30.0,
1230433,True,76.01,30.3,
1230435,True,79.01,30.3,
1230607,True,70.01,30.8,
1230621,True,75.01,30.1,
1230820,True,70.01,30.8,
1230905,True,73.01,30.9,
1231056,True,68.01,30.7,
1231105,True,81.01,30.4,
1231229,True,73.01,30.6,
1232302,True,70.01,30.7,
1232310,True,75.01,30.6,
1232318,True,70.01,30.9,
1232331,True,82.01,1.3,
1240149,True,80.01,30.4,
1240609,True,85.01,31.0,
1251352,True,76.01,30.1,
1251703,True,74.01,31.0,
1251944,True,74.01,30.0,
1252237,True,78.01,30.5,
1252239,True,74.01,3.4,
1260330,True,72.01,30.5,
1261118,True,67.01,30.1,
1261136,True,69.01,30.4,
1262045,True,74.01,30.2,
1270100,True,69.01,30.5,
1270133,True,81.01,30.8,
1270540,True,68.01,30.5,
1271759,True,72.01,30.8,
1272228,True,71.01,30.4,
1280018,True,74.01,30.8,
1280210,True,72.01,30.9,
1280334,True,73.01,30.0,
1280451,True,80.01,30.2,
1281310,True,70.01,30.7,
1281325,True,86.01,30.3,
1281441,True,81.01,30.2,
1281939,False,87.01,-8.6,P arrival time (-8.60s) outside signal duration (0 to 87.01s)
1282122,True,94.01,30.3,
1290154,True,70.01,30.7,
1290255,True,76.01,31.0,
1291005,True,79.01,30.0,
1291331,True,83.01,30.7,
1300457,True,78.01,30.0,
1300910,True,70.01,30.9,
1301233,True,68.01,30.4,
1301858,True,76.01,30.6,
1310732,True,85.01,30.4,
1310855,True,87.01,30.7,
1311105,True,74.01,30.6,
1312047,True,83.01,30.1,
1312120,True,77.01,30.7,
2010045,True,71.01,30.4,
2010101,True,81.01,30.8,
2010620,True,82.01,30.5,
2010716,True,77.01,30.1,
2010824,True,72.01,30.8,
2010936,True,87.01,30.5,
2011511,True,91.01,30.1,
2011707,True,65.01,30.1,
2012142,True,83.01,30.4,
2012159,True,87.01,30.7,
2020236,True,74.01,30.1,
2020958,True,69.01,2.8,
2021004,True,68.01,30.2,
2021053,True,79.01,30.3,
2021338,True,89.01,30.1,
2021635,True,69.01,31.0,
2021807,True,68.01,30.9,
2021906,True,78.01,30.0,
2022041,True,82.01,30.8,
2022119,True,83.01,30.5,
2030423,True,78.01,30.8,
2030748,True,82.01,30.3,
2032136,True,70.01,30.2,
2032244,True,66.01,30.9,
2040319,True,70.01,30.6,
2040402,True,76.01,30.4,
2040619,True,71.01,30.3,
2040903,True,84.01,30.7,
2040943,True,76.01,30.1,
2041025,True,80.01,30.0,
2041524,True,84.01,30.4,
2041728,True,80.01,30.1,
2041827,True,79.01,30.4,
2041834,True,85.01,30.8,
2041910,True,65.01,30.9,
2042149,True,68.01,30.4,
2050202,True,74.01,30.3,
2050417,True,81.01,30.2,
2050449,True,77.01,30.9,
2050853,True,68.01,30.9,
2051541,True,92.01,30.5,
2051616,True,67.01,30.1,
2060116,True,67.01,30.4,
2060321,True,77.01,30.2,
2060405,True,85.01,30.8,
2060406,True,70.01,30.3,
2060426,True,75.01,30.2,
2061029,True,80.01,31.0,
2061220,True,73.01,30.9,
2061300,True,71.01,30.8,
2061439,True,76.01,30.6,
2071007,True,73.01,30.1,
2071511,True,69.01,30.3,
2071752,True,80.01,30.5,
2072236,True,82.01,30.2,
2072258,True,84.01,30.8,
2080142,True,77.01,31.0,
2080145,True,80.01,30.9,
2080330,True,71.01,30.8,
2080829,True,70.01,30.7,
2080846,True,82.01,30.6,
2080956,True,69.01,30.8,
2081212,True,68.01,30.6,
2081510,True,69.01,30.4,
2081610,True,94.01,30.6,
2081807,False,63.01,-11.3,P arrival time (-11.30s) outside signal duration (0 to 63.01s)
2081833,True,69.01,31.0,
2082028,True,76.01,30.9,
2082306,True,71.01,30.2,
2091156,True,71.01,30.8,
2091344,True,82.01,30.8,
2091807,True,71.01,30.5,
2100028,True,78.01,30.8,
2100413,True,69.01,30.4,
2101028,True,75.01,31.0,
2101109,True,75.01,30.0,
2101352,True,80.01,30.9,
2101357,True,81.01,30.0,
2101419,True,76.01,30.7,
2101739,True,80.01,30.4,
2101958,True,66.01,30.3,
2110501,True,81.01,30.6,
2110556,True,88.01,30.2,
2110648,True,80.01,30.1,
2110758,True,69.01,30.6,
2110804,True,78.01,30.1,
2111348,True,72.01,30.7,
2111949,True,74.01,30.8,
2112000,True,67.01,13.2,
2112215,True,66.01,30.7,
2120429,True,78.01,30.2,
2120434,True,71.01,30.5,
2121028,True,72.01,30.7,
2121130,True,67.01,30.7,
2121253,True,67.01,30.7,
2121415,True,70.01,30.7,
2121652,True,71.01,30.1,
2121743,True,75.01,30.5,
2121745,True,78.01,30.6,
2121831,True,74.01,30.9,
2122047,True,67.01,30.7,
2130442,True,79.01,30.1,
2130618,True,73.01,30.7,
2130756,True,69.01,30.3,
2130901,True,73.01,30.6,
2131016,True,69.01,31.0,
2131359,True,69.01,30.7,
2131454,True,87.01,30.4,
2131726,True,89.01,31.0,
2131740,True,70.01,30.2,
2131811,True,63.01,30.8,
2140345,True,74.01,30.2,
2141441,True,82.01,30.0,
2151217,True,83.01,30.2,
2151247,True,69.01,30.6,
2151633,True,82.01,30.4,
2151635,True,76.01,30.4,
2152022,True,72.01,30.9,
2160408,True,68.01,30.6,
2160620,True,76.01,30.9,
2160833,True,76.01,30.2,
2161200,True,68.01,30.0,
2161245,True,73.01,30.1,
2161812,True,92.01,30.8,
2161850,True,73.01,31.0,
2161852,True,75.01,30.9,
2161857,True,58.01,15.0,
2161909,True,80.01,30.7,
2161910,True,69.01,30.3,
2161911,True,74.01,30.8,
2161959,True,79.01,30.2,
2170044,True,93.01,30.1,
2171001,True,76.01,30.7,
2171756,True,68.01,30.8,
2172122,True,72.01,30.1,
2180047,True,70.01,30.8,
2180520,True,88.01,30.0,
2180531,True,78.01,30.4,
2180547,True,72.01,30.5,
2180611,True,78.01,30.4,
2180617,True,76.01,30.7,
2180836,True,81.01,30.9,
2180838,True,71.01,30.7,
2180915,True,88.01,30.3,
2181049,True,75.01,30.4,
2181339,True,70.01,30.7,
2181522,True,93.01,30.1,
2182208,True,77.01,30.9,
2182211,True,69.01,30.9,
2190446,True,82.01,30.4,
2190549,True,76.01,31.0,
2190847,True,78.01,30.4,
2191032,True,68.01,30.7,
2191213,True,72.01,30.9,
2191231,True,71.01,30.1,
2191500,True,67.01,10.7,
2191518,True,69.01,30.9,
2192210,True,72.01,30.6,
2200314,True,70.01,31.0,
2200504,True,71.01,30.4,
2200508,True,70.01,31.0,
2200527,True,80.01,30.2,
2201106,True,77.01,30.2,
2201132,True,68.01,30.4,
2201251,True,67.01,30.8,
2201254,True,81.01,30.1,
2201903,True,75.01,30.8,
2202031,True,66.01,30.8,
2202042,True,70.01,30.6,
2202317,True,67.01,30.3,
2210151,True,88.01,30.6,
2211109,True,74.01,30.3,
2211626,True,77.01,30.3,
2211846,True,86.01,30.2,
2211852,True,72.01,30.3,
2220728,True,72.01,30.2,
2220756,True,70.01,30.8,
2221514,True,69.01,30.9,
2221900,True,66.01,30.9,
2222150,True,72.01,30.5,
2230623,True,69.01,30.3,
2230830,True,75.01,30.2,
2230932,True,71.01,30.4,
2231128,True,83.01,30.8,
2231407,True,70.01,30.1,
2231505,True,69.01,30.3,
2231536,True,71.01,30.7,
2231621,True,88.01,30.3,
2232217,True,82.01,30.3,
2240201,True,70.01,30.1,
2240716,True,77.01,30.9,
2240923,True,78.01,30.2,
2241101,True,73.01,30.7,
2241158,True,68.01,30.9,
2241159,True,80.01,30.5,
2241931,True,67.01,30.8,
2250037,True,68.01,30.5,
2250322,True,76.01,30.0,
2250407,True,77.01,30.3,
2250541,True,67.01,30.9,
2250728,True,68.01,30.4,
2251458,True,83.01,30.3,
2251543,True,75.01,30.3,
2252040,True,70.01,30.4,
2252042,True,71.01,30.8,
2260110,True,79.01,30.5,
2260115,True,83.01,30.4,
2260201,True,80.01,30.2,
2260231,True,73.01,30.7,
2260509,True,66.01,30.2,
2260844,True,67.01,30.6,
2260847,True,85.01,30.7,
2260909,True,69.01,30.5,
2261107,True,81.01,30.8,
2261350,True,85.01,30.5,
2261416,True,72.01,30.7,
2261906,True,85.01,30.0,
2262337,True,73.01,30.0,
2262349,True,71.01,30.9,
2262357,True,83.01,30.1,
2270006,True,74.01,30.1,
2270341,True,75.01,30.1,
2270433,True,75.01,30.3,
2270647,True,80.01,30.3,
2270709,True,77.01,30.4,
2270721,True,68.01,30.6,
2271508,True,76.01,30.7,
2271546,True,69.01,31.0,
2271712,True,101.01,30.1,
2280552,True,67.01,30.2,
2280859,True,69.01,30.4,
2281107,True,66.01,30.1,
2281115,True,68.01,30.6,
2281533,True,69.01,30.2,
2281536,True,93.01,30.1,
2281545,True,72.01,30.3,
2281551,True,82.01,30.6,
2281655,True,73.01,30.5,
2281706,True,95.01,30.6,
2282050,True,68.01,30.4,
3010446,True,76.01,30.7,
3010850,True,71.01,30.5,
3011050,True,75.01,30.0,
3011414,True,69.01,30.6,
3020205,True,69.01,30.7,
3020715,True,78.01,30.4,
3020716,True,71.01,30.5,
3021950,True,78.01,30.4,
3021952,True,75.01,30.2,
3022252,True,78.01,30.8,
3030004,True,68.01,30.1,
3031316,True,99.01,30.5,
3031643,True,97.01,30.5,
3031746,True,82.01,30.7,
3031938,True,79.01,30.4,
3032154,True,73.01,30.3,
3040431,True,73.01,30.6,
3040622,True,74.01,30.3,
3040937,True,73.01,30.8,
3041135,True,84.01,30.6,
3042011,True,78.01,30.3,
3050945,True,68.01,30.5,
3051218,True,69.01,30.0,
3051301,False,69.01,-2.6,P arrival time (-2.60s) outside signal duration (0 to 69.01s)
3051656,True,71.01,30.5,
3051734,True,92.01,30.3,
3052305,True,75.01,30.6,
3061738,True,92.01,30.1,
3062040,True,73.01,30.3,
3062235,True,67.01,30.5,
3070239,True,70.01,30.2,
3071737,True,95.01,31.0,
3071741,True,69.01,30.1,
3071754,True,67.01,30.3,
3080247,True,72.01,30.0,
3080259,True,75.01,30.0,
3080301,True,70.01,30.3,
3080516,True,68.01,30.9,
3080530,True,68.01,30.3,
3081637,True,65.01,30.1,
3081730,True,75.01,30.5,
3090103,True,64.01,30.4,
3090407,True,79.01,30.7,
3090511,True,73.01,30.8,
3090852,True,74.01,31.0,
3091120,True,72.01,30.3,
3091150,True,71.01,30.3,
3091243,True,76.01,30.7,
3091244,True,65.01,30.6,
3100338,True,66.01,30.3,
3100708,True,76.01,30.9,
3102313,True,96.01,30.2,
3102315,True,68.01,31.0,
3110004,True,68.01,30.3,
3110258,True,70.01,30.1,
3110712,True,79.01,30.4,
3111706,True,86.01,30.9,
3111708,True,102.01,30.8,
3112343,True,70.01,30.5,
3120701,True,76.01,30.7,
3120703,True,82.01,30.8,
3121526,True,78.01,30.2,
3121924,True,83.01,30.1,
3122043,True,80.01,31.0,
3130327,True,73.01,30.6,
3131142,True,68.01,30.7,
3131714,True,73.01,30.3,
3132045,True,73.01,30.8,
3132155,True,82.01,30.6,
3140102,True,76.01,30.4,
3140259,False,63.01,-10.2,P arrival time (-10.20s) outside signal duration (0 to 63.01s)
3140430,True,64.01,18.1,
3140600,False,74.01,-1.8,P arrival time (-1.80s) outside signal duration (0 to 74.01s)
3142106,True,70.01,10.7,
3150100,True,71.01,30.9,
3150526,True,71.01,30.4,
3150531,True,67.01,30.1,
3150554,True,78.01,30.8,
3150849,True,75.01,30.7,
3151155,True,72.01,31.0,
3151510,True,71.01,30.8,
3151543,True,71.01,30.7,
3151648,True,79.01,30.1,
3151650,True,65.01,30.6,
3151954,True,75.01,30.4,
3160156,True,64.01,30.6,
3160206,True,65.01,30.6,
3160214,True,67.01,30.0,
3160222,True,65.01,30.9,
3160230,True,68.01,30.6,
3160239,True,78.01,30.3,
3160309,True,71.01,31.0,
3160326,True,66.01,18.5,
3160328,True,76.01,30.7,
3161107,True,74.01,30.5,
3161536,True,72.01,30.5,
3161752,True,74.01,30.9,
3161957,True,68.01,30.4,
3162344,True,81.01,30.2,
3170206,True,79.01,30.5,
3170249,True,76.01,30.4,
3170443,True,69.01,30.4,
3170646,True,67.01,30.6,
3170936,True,69.01,30.0,
3171110,True,69.01,30.3,
3171224,True,63.01,33.4,
3171707,True,83.01,30.6,
3180014,True,68.01,30.7,
3180029,True,70.01,30.4,
3180558,True,90.01,30.2,
3180608,True,74.01,31.0,
3180623,True,66.01,30.3,
3180654,True,75.01,30.9,
3181036,True,73.01,30.5,
3181052,True,66.01,30.4,
3181120,True,70.01,30.8,
3181158,True,67.01,30.2,
3181238,True,68.01,31.0,
3181422,True,70.01,31.0,
3181819,True,72.01,30.2,
3182203,True,77.01,30.8,
3182300,True,69.01,30.3,
3182312,True,65.01,30.8,
3190216,True,65.01,30.2,
3190219,True,66.01,30.8,
3190251,True,75.01,30.1,
3190645,True,85.01,30.7,
3190653,True,76.01,30.5,
3190726,True,74.01,30.0,
3190735,True,73.01,30.8,
3191008,True,67.01,11.9,
3191011,True,71.01,30.2,
3191344,True,84.01,30.8,
3191350,True,75.01,30.7,
3191351,True,82.01,30.4,
3191352,True,75.01,30.2,
3191540,True,71.01,30.3,
3191622,True,77.01,30.4,
3191957,False,132.01,-4.4,P arrival time (-4.40s) outside signal duration (0 to 132.01s)
3192010,True,69.01,30.4,
3192016,True,66.01,30.1,
3192034,True,68.01,30.8,
3192047,True,68.01,30.0,
3192108,True,66.01,30.8,
3192110,True,65.01,30.6,
3192205,True,65.01,8.9,
3192326,True,70.01,30.9,
3200227,True,67.01,30.5,
3200315,True,68.01,30.6,
3200318,True,69.01,30.4,
3200325,True,65.01,30.3,
3200326,True,63.01,30.9,
3200328,False,79.01,-21.3,P arrival time (-21.30s) outside signal duration (0 to 79.01s)
3200329,False,67.01,-5.9,P arrival time (-5.90s) outside signal duration (0 to 67.01s)
3200359,True,74.01,30.9,
3200519,True,84.01,30.5,
3200843,True,66.01,30.5,
3201312,True,72.01,30.8,
3201337,True,81.01,30.7,
3201715,True,68.01,30.8,
3201738,True,70.01,30.4,
3201745,True,70.01,30.3,
3201849,True,76.01,30.5,
3202006,True,68.01,30.7,
3202229,True,68.01,30.8,
3210042,True,94.01,30.7,
3210134,True,69.01,30.6,
3211553,True,77.01,30.2,
3212012,True,86.01,30.3,
3212107,True,72.01,30.7,
3220156,True,70.01,30.6,
3230509,True,74.01,30.8,
3231553,True,84.01,30.8,
3231807,True,85.01,30.3,
3232338,True,77.01,30.5,
3240145,True,72.01,30.3,
3240501,True,73.01,30.5,
3240740,True,71.01,30.6,
3241250,True,79.01,30.1,
3241756,True,71.01,30.9,
3241839,True,73.01,30.3,
3242121,True,74.01,30.1,
3242240,True,75.01,30.2,
3250623,True,73.01,30.5,
4010355,True,29.81,9.070006,
4010919,True,39.63,14.84,
4010936,True,48.65,15.56,
4011749,True,69.01,30.32,
4020130,True,51.05,11.45,
4021433,True,68.01,35.7,
4021440,True,36.89,11.730004,
4021826,True,72.01,30.93,
4031203,True,75.01,30.62,
4031646,True,100.91,29.6,
4040354,True,67.01,30.26,
4040559,True,77.01,30.2,
4040703,True,54.48,16.61,
4040806,True,81.18,10.32,
4060255,True,73.01,30.5,
4060259,True,71.01,30.7,
4070345,True,82.01,30.1,
4080107,True,70.01,30.7,
4080544,True,82.01,30.6,
4090157,True,77.01,30.5,
4090212,True,68.01,30.0,
4090213,True,70.01,30.7,
4090523,True,77.01,30.2,
4100031,True,72.01,30.6,
4101203,True,68.01,30.0,
4101518,True,65.01,30.8,
4110253,True,79.01,30.5,
4110429,True,77.01,30.1,
4112146,True,66.01,30.7,
4112204,True,72.01,30.5,
4112246,True,71.01,30.0,
4112326,True,63.01,30.7,
4120051,True,65.01,30.8,
4121751,True,65.01,30.6,
4130755,True,81.01,30.2,
4131912,True,82.01,30.3,
4132106,True,80.01,30.9,
4141413,True,68.01,30.3,
4150010,True,85.01,30.4,
4150310,True,66.01,30.8,
4150808,True,65.01,30.2,
4152328,True,85.01,30.6,
4160411,True,64.01,30.1,
4160730,True,66.01,30.5,
4160833,True,65.01,30.5,
4161533,True,70.01,30.2,
4162354,True,68.01,30.1,
4170319,True,68.01,30.1,
4170639,True,77.01,30.5,
4170654,True,83.01,30.2,
4170737,True,68.01,30.1,
4170753,True,100.01,30.4,
4170816,True,79.01,30.4,
4171329,True,65.01,30.9,
4171646,True,74.01,30.1,
4171705,True,67.01,30.8,
4171958,True,83.01,30.4,
4172029,True,74.01,30.0,
4180058,True,71.01,30.2,
4180104,True,73.01,30.5,
4180342,True,66.01,30.3,
4180501,True,68.01,30.5,
4180539,True,65.01,30.6,
4180541,True,83.01,30.4,
4180719,True,69.01,30.6,
4180817,True,68.01,30.3,
4181042,True,71.01,31.0,
4190209,True,75.01,30.7,
4190522,True,77.01,30.5,
4190830,True,78.01,30.2,
4190917,True,79.01,30.3,
4191034,True,78.01,30.9,
4191036,True,71.01,30.8,
4191914,True,75.01,30.6,
4192044,True,79.01,30.8,
4192056,True,69.01,30.1,
4201441,True,74.01,30.0,
4201959,True,67.01,31.0,
4202016,True,71.01,30.9,
4202038,True,72.01,30.8,
4202054,True,71.01,30.1,
4202055,True,66.01,30.7,
4202151,True,84.01,30.2,
4202318,True,70.01,30.4,
4202320,True,69.01,30.9,
4210356,True,71.01,30.3,
4210429,True,75.01,30.3,
4210436,True,76.01,30.7,
4210502,True,75.01,30.8,
4211035,True,82.01,30.0,
4211139,True,68.01,30.1,
4211329,True,67.01,30.4,
4211549,True,68.01,30.5,
4220120,True,77.01,30.5,
4220149,True,71.01,30.0,
4220416,True,71.01,31.0,
4220850,True,74.01,30.1,
4230207,True,79.01,30.3,
4230352,True,73.01,30.2,
4230408,True,68.01,30.3,
4230642,True,70.01,30.6,
4230911,True,70.01,30.9,
4231411,True,79.01,30.9,
4231425,True,68.01,30.8,
4231529,True,76.01,30.8,
4240055,True,76.01,30.7,
4240835,True,69.01,30.9,
4240928,True,65.01,30.1,
4241425,True,68.01,30.9,
4241431,True,78.01,30.1,
4241718,True,80.01,30.5,
4250518,True,70.01,30.6,
4250816,True,75.01,30.1,
4250914,True,66.01,30.8,
4250930,True,64.01,30.2,
4251116,True,68.01,31.0,
4252112,True,72.01,30.5,
4252130,True,82.01,30.2,
4260009,True,75.01,30.1,
4260041,True,78.01,30.2,
4260505,True,68.01,30.6,
4260746,True,67.01,31.0,
4260750,True,77.01,30.3,
4260846,True,68.01,30.5,
4261033,True,69.01,31.0,
4261148,True,71.01,30.4,
4261205,True,68.01,30.9,
4261239,True,68.01,30.5,
4261322,True,74.01,30.3,
4261326,True,70.01,30.7,
4261342,True,72.01,30.3,
4261739,True,94.01,30.7,
4271039,True,78.01,30.6,
4271056,True,74.01,30.1,
4271751,True,73.01,30.5,
4280719,True,67.01,30.2,
4280919,True,74.01,30.4,
4281139,True,68.01,30.4,
4282135,True,65.01,30.2,
4282251,True,69.01,30.8,
4282328,True,65.01,30.9,
4290323,True,68.01,30.3,
4290336,True,71.01,30.9,
4290510,True,81.01,30.5,
4290552,True,79.01,30.4,
4290603,True,71.01,30.7,
4290640,True,74.01,30.7,
4290827,True,67.01,30.7,
4291335,True,75.01,30.1,
4291403,True,72.01,30.8,
4291430,True,67.01,30.8,
4291444,True,65.01,30.7,
4291915,True,65.01,30.5,
4292017,True,69.01,30.5,
4292020,True,67.01,30.9,
4292030,True,66.01,30.6,
4292116,True,77.01,30.0,
4292152,True,69.01,30.2,
4292200,True,70.01,30.7,
4292203,True,66.01,30.3,
4292205,True,67.01,30.4,
4292243,True,69.01,30.9,
4292328,True,69.01,30.6,
4292354,True,67.01,30.4,
4292355,True,69.01,30.6,
4300111,True,63.01,30.3,
4300126,True,66.01,30.0,
4300149,True,66.01,30.7,
4300229,True,78.01,30.6,
4300322,True,66.01,30.7,
4300413,True,72.01,30.4,
4300500,True,71.01,30.0,
4300512,True,67.01,30.6,
4300521,True,67.01,30.8,
4300525,True,73.01,30.6,
4300534,True,68.01,30.9,
4300541,True,68.01,30.1,
4300606,True,66.01,30.9,
4300622,True,68.01,30.7,
4300711,True,67.01,30.4,
4300713,True,65.01,30.3,
4300726,True,69.01,30.0,
4300742,True,69.01,30.2,
4300753,True,74.01,30.4,
4300758,True,68.01,31.0,
4300800,True,63.01,30.9,
4300804,True,76.01,30.5,
4300809,True,68.01,30.2,
4300813,True,65.01,30.9,
4300836,True,66.01,30.2,
4300842,True,68.01,30.7,
4300856,True,68.01,30.8,
4300902,True,69.01,30.8,
4300903,True,73.01,30.8,
4300905,True,67.01,30.0,
4300907,True,70.01,31.0,
4300921,True,64.01,18.5,
4300926,True,68.01,30.9,
4300931,True,71.01,30.1,
4300933,True,70.01,30.9,
4300937,True,68.01,30.7,
4300938,True,67.01,30.6,
4300940,True,69.01,30.7,
4301003,True,67.01,30.9,
4301015,True,71.01,30.2,
4301022,True,65.01,30.5,
4301059,True,67.01,30.6,
4301119,True,74.01,31.0,
4301121,True,72.01,30.3,
4301131,True,75.01,30.7,
4301140,True,66.01,30.1,
4301143,True,67.01,30.6,
4301155,True,64.01,30.1,
4301157,True,65.01,30.1,
4301159,True,66.01,30.7,
4301200,True,64.01,30.0,
4301206,True,65.01,30.7,
4301207,True,67.01,30.6,
4301208,True,67.01,30.3,
4301211,True,69.01,30.7,
4301212,True,63.01,30.4,
4301215,True,65.01,30.2,
4301218,True,66.01,30.2,
4301221,True,66.01,30.2,
4301225,True,67.01,30.1,
4301238,True,70.01,30.7,
4301241,True,74.01,30.9,
4301245,True,77.01,30.0,
4301249,True,72.01,30.8,
4301250,True,69.01,30.2,
4301252,True,67.01,30.6,
4301301,True,73.01,30.9,
4301302,True,73.01,31.0,
4301304,True,71.01,30.7,
4301317,True,63.01,60.9,
4301326,True,75.01,30.2,
4301342,True,77.01,30.4,
4301357,True,73.01,30.1,
4301406,True,72.01,30.8,
4301418,False,85.01,-3.4,P arrival time (-3.40s) outside signal duration (0 to 85.01s)
4301419,True,77.01,30.7,
4301436,True,77.01,30.9,
4301453,True,70.01,30.8,
4301455,True,65.01,30.7,
4301542,True,76.01,30.7,
4301543,True,64.01,30.4,
4301544,True,65.01,30.8,
4301556,True,82.01,30.9,
4301600,True,67.01,30.0,
4301601,True,68.01,30.0,
4301606,True,65.01,30.5,
4301610,True,72.01,30.1,
4301616,True,66.01,31.0,
4301624,True,79.01,30.9,
4301629,True,68.01,30.7,
4301633,True,78.01,30.8,
4301643,True,70.01,30.4,
4301648,True,77.01,30.2,
4301652,True,76.01,30.3,
4301707,True,82.01,30.4,
4301708,True,82.01,30.0,
4301720,True,68.01,30.1,
4301738,True,64.01,30.1,
4301811,True,76.01,30.7,
4301814,True,67.01,30.3,
4301821,True,63.01,30.2,
4301839,True,71.01,30.3,
4301845,True,76.01,30.0,
4301853,True,63.01,30.5,
4301854,True,65.01,30.2,
4301855,True,80.01,30.0,
4301904,True,63.01,30.9,
4301905,True,74.01,30.1,
4301910,True,71.01,30.1,
4301917,True,67.01,30.5,
4301921,True,72.01,30.4,
4301934,True,72.01,30.4,
4302004,True,74.01,30.3,
4302009,True,65.01,14.3,
4302021,True,70.01,30.1,
4302026,True,74.01,30.9,
4302034,True,73.01,30.2,
4302038,True,65.01,31.0,
4302042,True,66.01,30.7,
4302044,True,72.01,30.7,
4302045,True,71.01,30.0,
4302047,True,73.01,30.4,
4302056,True,64.01,30.1,
4302059,True,70.01,30.6,
4302111,True,69.01,30.1,
4302114,True,70.01,30.4,
4302134,True,72.01,30.5,
4302142,True,69.01,30.8,
4302159,True,67.01,30.3,
4302210,True,78.01,30.5,
4302224,True,86.01,30.0,
4302233,True,76.01,30.7,
4302238,True,71.01,30.9,
4302241,True,73.01,30.0,
4302242,True,67.01,30.4,
4302246,True,74.01,30.6,
4302254,True,78.01,30.2,
4302258,True,65.01,30.8,
4302317,True,66.01,30.9,
4302332,True,72.01,30.4,
4302343,True,66.01,30.5,
4302358,True,71.01,30.4,
5010034,True,68.01,30.6,
5010036,True,64.01,8.7,
5010041,True,75.01,30.4,
5010048,True,64.01,30.2,
5010053,True,65.01,30.5,
5010057,True,67.01,30.2,
5010101,True,64.01,17.0,
5010106,True,64.01,30.5,
5010110,True,71.01,30.0,
5010115,True,70.01,30.1,
5010122,True,65.01,30.8,
5010125,True,67.01,30.2,
5010132,True,80.01,30.7,
5010137,True,67.01,30.2,
5010146,True,64.01,31.0,
5010151,True,65.01,30.2,
5010152,True,66.01,30.2,
5010156,True,65.01,30.1,
5010242,True,64.01,30.8,
5010247,True,77.01,6.2,
5010259,True,68.01,31.0,
5010310,True,75.01,30.2,
5010342,True,75.01,30.9,
5010354,True,71.01,30.2,
5010420,True,70.01,30.6,
5010428,True,70.01,30.6,
5010443,True,70.01,30.6,
5010455,True,71.01,30.5,
5010512,True,66.01,30.5,
5010513,True,68.01,30.9,
5010515,True,64.01,30.2,
5010516,True,65.01,30.3,
5010517,True,66.01,30.2,
5010534,True,66.01,30.3,
5010535,True,65.01,30.8,
5010544,True,69.01,30.1,
5010551,True,70.01,30.9,
5010612,True,73.01,31.0,
5010616,True,70.01,30.9,
5010623,True,83.01,31.0,
5010625,True,71.01,30.9,
5010629,True,66.01,30.3,
5010635,True,64.01,30.0,
5010636,True,68.01,30.3,
5010637,True,67.01,30.9,
5010639,True,71.01,30.7,
5010642,True,67.01,30.7,
5010648,True,75.01,30.1,
5010731,False,23.0,30.8,P arrival time (30.80s) outside signal duration (0 to 23.00s)
5010757,True,67.01,30.8,
5010801,True,75.01,30.7,
5010807,True,67.01,30.0,
5010808,True,70.01,30.0,
5010815,True,70.01,30.3,
5010826,True,69.01,30.2,
5010831,True,73.01,30.3,
5010846,True,73.01,30.9,
5010859,True,73.01,30.5,
5010906,True,65.01,30.8,
5010908,True,69.01,30.5,
5010919,True,72.01,30.4,
5010935,True,72.01,30.4,
5010938,True,67.01,30.2,
5010946,True,66.01,30.9,
5010950,True,73.01,30.6,
5011017,True,67.01,30.2,
5011018,True,65.01,30.9,
5011019,True,76.01,30.8,
5011021,True,71.01,30.7,
5011025,True,72.01,30.8,
5011035,True,75.01,30.6,
5011037,True,74.01,30.2,
5011042,True,68.01,30.9,
5011055,True,74.01,31.0,
5011101,True,77.01,30.6,
5011103,True,67.01,30.4,
5011107,True,65.01,30.5,
5011132,True,68.01,30.4,
5011144,True,69.01,30.6,
5011155,True,70.01,30.8,
5011157,True,65.01,30.5,
5011215,True,79.01,30.7,
5011217,True,78.01,31.0,
5011230,True,64.01,5.5,
5011232,True,78.01,30.8,
5011235,True,67.01,30.3,
5011250,True,67.01,30.8,
5011300,True,65.01,12.8,
5011317,True,68.01,30.5,
5011349,True,69.01,30.2,
5011352,True,71.01,30.2,
5011410,True,72.01,30.2,
5011426,True,67.01,5.3,
5011438,True,71.01,30.3,
5011455,True,72.01,30.5,
5011514,True,70.01,30.1,
5011524,True,70.01,30.4,
5011536,True,66.01,30.5,
5011543,True,76.01,30.4,
5011546,True,70.01,30.8,
5011558,True,69.01,30.7,
5011600,True,65.01,30.1,
5011606,True,72.01,30.4,
5011614,True,76.01,30.3,
5011615,True,68.01,30.6,
5011621,True,69.01,30.2,
5011656,True,72.01,30.5,
5011714,True,69.01,30.1,
5011719,True,71.01,30.5,
5011723,True,68.01,30.6,
5011733,True,67.01,30.3,
5011738,True,67.01,30.3,
5011748,True,67.01,31.0,
5011827,True,70.01,30.1,
5011845,True,73.01,30.4,
5011917,True,70.01,30.8,
5011925,True,79.01,30.4,
5011934,True,68.01,30.8,
5011954,True,71.01,30.8,
5012001,True,71.01,30.7,
5012005,True,71.01,30.1,
5012016,True,68.01,30.6,
5012021,True,70.01,30.7,
5012026,True,67.01,30.7,
5012036,True,68.01,30.8,
5012044,True,67.01,30.2,
5012112,True,72.01,30.5,
5012114,True,71.01,30.8,
5012116,True,73.01,30.9,
5012128,True,81.01,9.2,
5012138,True,69.01,30.1,
5012147,True,67.01,30.7,
5012153,False,69.01,71.7,P arrival time (71.70s) outside signal duration (0 to 69.01s)
5012205,True,68.01,30.2,
5012216,True,85.01,30.3,
5012218,True,72.01,30.4,
5012219,True,74.01,30.8,
5012222,True,83.01,30.5,
5012223,True,67.01,30.5,
5012225,True,71.01,30.1,
5012234,True,71.01,30.7,
5012250,True,75.01,30.5,
5012257,True,68.01,30.8,
5012258,True,71.01,30.7,
5012303,True,75.01,30.3,
5012310,True,73.01,30.0,
5012312,True,73.01,30.3,
5012331,True,72.01,30.9,
5012337,True,72.01,30.9,
5012339,True,70.01,30.6,
5012345,True,95.01,30.2,
5020024,True,67.01,30.4,
5020038,True,67.01,30.6,
5020103,True,70.01,30.0,
5020118,True,67.01,11.7,
5020134,True,65.01,30.1,
5020150,True,63.01,30.4,
5020152,True,80.01,30.1,
5020157,True,64.01,30.4,
5020201,True,73.01,30.9,
5020211,True,67.01,30.2,
5020215,True,63.01,30.6,
5020230,True,65.01,30.7,
5020240,True,72.01,30.2,
5020245,True,65.01,30.5,
5020249,True,69.01,30.3,
5020255,True,65.01,30.2,
5020309,True,66.01,30.5,
5020314,True,65.01,30.4,
5020331,True,64.01,30.9,
5020337,True,70.01,30.0,
5020342,True,68.01,30.2,
5020347,True,66.01,30.2,
5020354,True,95.01,30.7,
5020359,True,63.01,30.3,
5020404,True,65.01,30.5,
5020413,True,65.01,30.1,
5020431,True,71.01,30.6,
5020509,True,74.01,30.7,
5020540,True,76.01,30.2,
5020609,True,68.01,30.2,
5020632,True,79.01,30.7,
5020641,True,74.01,30.3,
5020713,True,73.01,30.1,
5020721,True,77.01,30.9,
5020724,True,72.01,30.7,
5020748,True,81.01,30.8,
5020751,True,75.01,30.9,
5020814,True,85.01,30.8,
5020819,True,79.01,30.5,
5020836,True,79.01,30.9,
5020846,True,75.01,30.5,
5020930,True,74.01,30.8,
5021018,True,88.01,30.1,
5021136,True,67.01,30.4,
5021150,True,68.01,30.3,
5021206,True,81.01,30.7,
5021209,True,69.01,30.7,
5021508,True,74.01,30.1,
5021547,True,72.01,30.3,
5021637,True,72.01,30.9,
5021642,True,74.01,30.3,
5021719,True,71.01,30.8,
5021727,True,79.01,30.8,
5021732,True,67.01,30.8,
5021741,True,75.01,30.5,
5021821,True,67.01,30.2,
5021828,True,69.01,30.1,
5021842,True,68.01,30.2,
5021852,True,73.01,30.2,
5021941,True,74.01,30.7,
5021955,True,69.01,30.8,
5021958,True,69.01,30.0,
5022101,True,81.01,30.6,
5022103,True,75.01,30.2,
5022111,True,73.01,30.8,
5022121,True,77.01,30.5,
5022138,True,74.01,30.7,
5022139,True,78.01,30.5,
5022201,True,68.01,30.2,
5022210,True,84.01,30.9,
5022232,True,81.01,30.3,
5022233,True,79.01,30.6,
5022239,True,70.01,30.2,
5022240,True,67.01,30.4,
5022339,True,74.01,30.6,
5022345,True,78.01,30.6,
5022351,True,75.01,30.6,
5030031,True,69.01,30.9,
5030053,True,68.01,30.5,
5030253,True,77.01,30.8,
5030356,True,70.01,30.9,
5030415,True,73.01,30.1,
5030435,True,77.01,30.2,
5030453,True,75.01,30.0,
5030608,True,69.01,30.8,
5030645,True,77.01,30.3,
5030654,True,77.01,30.3,
5030724,True,75.01,30.3,
5030734,True,84.01,30.7,
5030839,True,73.01,30.4,
5030858,True,73.01,30.0,
5030914,True,73.01,30.7,
5030953,True,71.01,30.9,
5031032,True,72.01,30.0,
5031137,True,64.01,30.6,
5031142,True,63.01,30.6,
5031240,True,67.01,30.8,
5031251,True,70.01,30.4,
5031253,True,72.01,30.4,
5031319,True,67.01,30.4,
5031330,True,69.01,30.5,
5031339,True,70.01,30.3,
5031352,True,68.01,30.5,
5031407,True,67.01,30.6,
5031412,True,70.01,30.3,
5031413,True,75.01,30.5,
5031442,True,69.01,30.5,
5031452,True,70.01,30.2,
5031454,True,72.01,30.2,
5031506,True,71.01,30.6,
5031519,True,67.01,30.7,
5031520,True,65.01,30.8,
5031556,True,67.01,30.1,
5031602,True,73.01,30.5,
5031657,True,65.01,30.7,
5031701,True,75.01,30.5,
5031703,True,69.01,30.2,
5031704,True,70.01,30.8,
5031716,True,66.01,30.0,
5031719,True,76.01,30.9,
5031730,True,68.01,30.4,
5031734,True,79.01,30.2,
5031814,True,65.01,30.1,
5031821,True,70.01,30.6,
5031853,True,68.01,30.6,
5032008,True,71.01,30.6,
5032018,True,72.01,30.8,
5032036,True,73.01,30.7,
5032120,True,67.01,30.8,
5032132,True,73.01,31.0,
5032142,True,73.01,30.2,
5032234,True,70.01,31.0,
5032345,True,73.01,31.0,
5032358,True,71.01,30.0,
5040018,True,69.01,30.7,
5040109,True,65.01,30.9,
5040309,True,69.01,30.4,
5040544,True,70.01,31.0,
5040823,True,63.01,30.5,
5040852,True,67.01,30.1,
5040931,True,68.01,30.7,
5040941,True,65.01,30.6,
5041041,True,66.01,30.7,
5041140,True,70.01,30.4,
5041548,True,67.01,30.0,
5041623,True,81.01,30.6,
5041738,True,64.01,30.8,
5041754,True,74.01,30.6,
5041826,True,71.01,30.3,
5041852,True,74.01,30.3,
5041911,True,73.01,30.7,
5041936,True,87.01,30.6,
5041955,True,72.01,30.9,
5042005,True,80.01,30.5,
5042018,True,76.01,30.6,
5042045,True,71.01,30.7,
5042052,True,83.01,30.8,
5042204,True,64.01,30.7,
5042225,True,81.01,30.1,
5042238,True,73.01,30.3,
5042240,True,76.01,30.1,
5042307,True,79.01,30.1,
5042308,True,79.01,30.6,
5042321,True,78.01,30.6,
5042331,True,81.01,31.0,
5050034,True,80.01,30.6,
5050206,True,74.01,30.9,
5050354,True,68.01,30.2,
5050724,True,70.01,31.0,
5050725,True,67.01,30.1,
5050815,True,71.01,30.2,
5051134,True,74.01,30.3,
5051535,True,76.01,30.7,
5052013,True,76.01,30.9,
5052035,True,75.01,30.1,
5060123,True,70.01,30.4,
5060139,True,64.01,30.6,
5060353,True,68.01,30.5,
5061333,True,68.01,30.6,
5061458,True,68.01,30.5,
5062054,True,69.01,30.9,
5062108,True,67.01,30.2,
5062133,True,65.01,30.7,
5062326,True,67.01,30.4,
5070202,True,73.01,30.8,
5070209,True,66.01,30.8,
5070237,True,70.01,30.6,
5070247,True,70.01,30.4,
5070411,True,64.01,34.5,
5070420,True,69.01,31.0,
5070456,True,76.01,30.8,
5070637,True,72.01,30.2,
5070718,True,72.01,30.4,
5070805,True,70.01,30.3,
5071059,True,68.01,30.8,
5071337,True,74.01,30.5,
5071443,True,69.01,30.2,
5071613,True,70.01,30.2,
5071623,True,69.01,30.5,
5071723,True,69.01,31.0,
5071736,True,67.01,30.9,
5071739,True,70.01,30.2,
5071745,True,66.01,30.5,
5071754,True,65.01,30.4,
5071755,True,65.01,30.7,
5071807,True,70.01,30.4,
5071834,True,78.01,30.3,
5071942,True,67.01,30.1,
5071943,True,66.01,30.1,
5071946,True,68.01,30.0,
5072019,True,67.01,30.5,
5072038,True,69.01,30.5,
5072046,True,67.01,30.0,
5072055,True,70.01,31.0,
5072114,True,74.01,31.0,
5072115,True,66.01,30.3,
5072214,True,74.01,30.3,
5072336,True,68.01,30.0,
5080011,True,71.01,30.7,
5080042,True,70.01,30.8,
5080152,True,65.01,30.4,
5080158,True,69.01,30.9,
5080348,True,65.01,30.4,
5080409,True,65.01,30.1,
5080439,True,72.01,30.8,
5080645,True,77.01,30.6,
5080652,True,67.01,30.5,
5080708,True,70.01,30.0,
5080723,True,64.01,30.3,
5080724,True,69.01,30.0,
5080733,True,79.01,30.7,
5080945,True,68.01,30.4,
5081104,True,67.01,30.2,
5081105,True,66.01,30.3,
5081149,True,70.01,30.4,
5081200,True,70.01,30.1,
5081426,True,73.01,30.8,
5081429,True,65.01,30.4,
5081552,True,72.01,30.6,
5081558,True,67.01,30.4,
5081956,True,70.01,30.5,
5082342,True,70.01,30.2,
5090018,True,72.01,30.2,
5090116,True,67.01,30.3,
5090126,True,65.01,30.1,
5090128,True,65.01,30.4,
5090139,True,65.01,30.3,
5090140,True,65.01,30.6,
5090145,True,71.01,30.7,
5090255,True,76.01,30.6,
5090411,True,71.01,30.4,
5090417,True,73.01,30.7,
5090452,True,75.01,30.3,
5090456,True,70.01,30.4,
5090501,True,71.01,30.7,
5090514,True,72.01,30.4,
5090515,True,72.01,30.4,
5090516,True,72.01,30.8,
5090517,True,74.01,30.4,
5090523,True,72.01,30.6,
5090540,True,68.01,30.4,
5090543,True,81.01,30.2,
5090546,True,94.01,30.9,
5090611,True,85.01,30.1,
5090732,True,76.01,30.0,
5090751,True,70.01,30.5,
5090818,True,68.01,31.0,
5090826,True,84.01,30.5,
5091021,True,80.01,30.4,
5091029,True,81.01,31.0,
5091031,True,80.01,30.3,
5091105,True,69.01,30.5,
5091336,True,67.01,31.0,
5091441,True,68.01,30.1,
5091529,True,68.01,30.6,
5091557,True,71.01,30.8,
5091639,True,68.01,30.9,
5091648,True,67.01,30.2,
5091707,True,69.01,30.1,
5091732,True,69.01,30.6,
5091808,True,67.01,30.7,
5091915,True,73.01,30.3,
5091926,True,73.01,30.2,
5091930,True,63.01,30.7,
5092056,True,63.01,30.2,
5092137,True,66.01,30.9,
5092141,True,68.01,30.2,
5092144,True,64.01,30.1,
5092314,True,66.01,30.7,
5092321,True,64.01,30.1,
5100018,True,70.01,30.4,
5100132,True,68.01,30.1,
5100328,True,69.01,30.2,
5100545,True,68.01,30.7,
5100759,True,68.01,30.0,
5100802,True,73.01,30.4,
5100909,True,74.01,30.8,
5100956,True,70.01,30.4,
5101009,True,71.01,30.2,
5101115,True,70.01,30.7,
5101202,True,69.01,30.7,
5101206,True,75.01,31.0,
5101623,True,70.01,30.6,
5101839,True,79.01,30.4,
5110202,True,81.01,30.7,
5110255,True,69.01,30.8,
5111532,True,70.01,30.8,
5112107,True,68.01,30.4,
5112114,True,68.01,30.8,
5112118,True,69.01,30.2,
5112254,True,69.01,30.1,
5120243,True,74.01,30.1,
5120347,True,68.01,30.3,
5120513,True,66.01,30.0,
5120552,True,71.01,30.5,
5120633,True,64.01,30.0,
5120657,True,67.01,30.6,
5120744,True,69.01,30.5,
5120810,True,67.01,30.1,
5120900,True,64.01,30.2,
5120907,True,68.01,30.5,
5120928,True,63.01,30.3,
5120951,True,66.01,30.1,
5120955,True,68.01,30.3,
5122259,True,72.01,30.9,
5122322,True,66.01,30.6,
5130044,True,70.01,30.6,
5130303,True,63.01,30.4,
5130404,True,71.01,30.5,
5130454,True,65.01,31.0,
5130505,True,70.01,30.5,
5130513,True,69.01,30.4,
5130526,True,75.01,62.3,
5130527,True,79.01,30.4,
5130629,True,76.01,30.3,
5130935,True,67.01,30.9,
5131152,True,84.01,30.4,
5131209,True,74.01,30.8,
5131844,True,82.01,30.5,
5132029,True,79.01,30.7,
5132150,True,74.01,30.6,
5132201,True,72.01,30.8,
5132229,True,70.01,30.9,
5132336,True,72.01,30.8,
5140256,True,63.01,30.8,
5140320,True,67.01,30.2,
5140327,True,70.01,30.9,
5140342,True,66.01,30.6,
5140723,True,74.01,30.2,
5141047,True,74.01,30.6,
5141501,True,69.01,30.5,
5141901,True,69.01,30.8,
5141941,True,71.01,31.0,
5141942,True,70.01,30.6,
5142013,True,69.01,30.7,
5142051,True,66.01,30.2,
5142102,True,71.01,30.7,
5142321,True,83.01,30.6,
5142341,True,70.01,30.6,
5142353,True,67.01,30.2,
5150113,True,75.01,30.2,
5150119,True,67.01,30.2,
5150122,True,68.01,30.6,
5150124,True,66.01,30.6,
5150221,True,65.01,30.4,
5150355,True,99.01,30.6,
5150502,True,100.01,30.7,
5150623,True,69.01,30.0,
5150929,True,83.01,30.9,
5151012,True,74.01,30.3,
5151522,True,69.01,30.5,
5151723,True,76.01,30.8,
5152240,True,72.01,30.6,
5160317,True,69.01,30.3,
5160849,True,70.01,30.2,
5160850,True,66.01,60.6,
5160912,True,70.01,30.0,
5161559,True,71.01,30.0,
5162201,True,71.01,30.3,
5170001,True,74.01,30.8,
5170033,True,72.01,30.2,
5170315,True,76.01,30.1,
5170809,True,76.01,30.6,
5190145,True,69.01,30.2,
5190354,True,74.01,30.6,
5191810,True,70.01,30.8,
5192024,True,77.01,30.5,
5192033,True,66.01,30.6,
5192227,True,74.01,30.8,
5192316,True,76.01,30.5,
5200146,True,80.01,31.0,
5200208,True,79.01,30.8,
5200258,True,71.01,30.1,
5200855,True,69.01,30.5,
5201007,True,68.01,30.9,
5201853,True,79.01,30.7,
5210737,True,69.01,30.0,
5211027,True,67.01,30.4,
5211202,True,67.01,30.4,
5211312,True,79.01,30.9,
5212010,True,68.01,30.9,
5212145,True,70.01,30.5,
5220032,True,86.01,30.2,
5220335,True,77.01,30.5,
5220342,True,74.01,30.4,
5220455,True,78.01,30.4,
5221046,True,72.01,30.7,
5221119,True,72.01,30.5,
5221305,True,96.01,30.3,
5221325,True,73.01,30.1,
5221326,True,72.01,30.9,
5221541,True,76.01,30.8,
5221726,True,74.01,30.3,
5221839,True,74.01,30.1,
5230210,True,104.01,30.5,
5230257,True,72.01,30.4,
5230441,True,70.01,31.0,
5230601,True,71.01,30.2,
5230627,True,68.01,30.8,
5230955,True,68.01,30.7,
5231019,True,68.01,30.2,
5231339,True,75.01,30.1,
5231832,True,80.01,30.6,
5240433,True,71.01,30.2,
5241159,True,70.01,30.0,
5241340,True,66.01,30.6,
5241738,True,67.01,30.8,
5241804,True,78.01,30.7,
5241827,True,72.01,30.4,
5241956,True,66.01,30.6,
5242151,True,70.01,30.4,
5250033,True,66.01,30.3,
5250148,True,75.01,30.7,
5250205,True,70.01,30.6,
5250718,True,64.01,30.0,
5250829,True,71.01,30.7,
5251121,True,70.01,30.2,
5251210,True,69.01,30.9,
5251238,True,65.01,30.3,
5251914,True,76.01,31.0,
5260306,True,68.01,30.8,
5261124,True,69.01,30.0,
5261747,True,69.01,30.7,
5270328,True,72.01,31.0,
5271345,True,72.01,30.9,
5271937,True,78.01,30.4,
5272133,True,84.01,30.1,
5272241,True,79.01,30.6,
5280201,True,79.01,30.4,
5280345,True,70.01,30.7,
5281827,True,70.01,30.2,
5282332,True,87.01,30.5,
5290328,True,78.01,30.9,
5290448,True,70.01,30.9,
5290820,True,74.01,30.8,
5291013,True,73.01,30.5,
5291035,True,66.01,30.4,
5291055,True,67.01,30.0,
5291130,True,73.01,30.5,
5291212,True,71.01,30.5,
5291327,True,67.01,30.6,
5291358,True,70.01,30.9,
5291734,True,66.01,30.5,
5291743,True,70.01,30.6,
5291854,True,65.01,30.5,
5291901,True,68.01,31.0,
5291925,True,66.01,30.6,
5291948,True,70.01,30.3,
5292117,True,73.01,30.3,
5300017,True,69.01,30.9,
5300416,True,74.01,30.1,
5300851,True,72.01,31.0,
5301011,True,78.01,30.2,
5301016,True,66.01,30.3,
5301017,True,68.01,30.2,
5302254,True,72.01,30.6,
5302322,True,68.01,30.9,
5310010,True,69.01,30.5,
5310036,True,71.01,30.0,
5310457,True,73.01,30.3,
5310501,True,67.01,30.3,
5311640,True,73.01,30.1,
5312106,True,76.01,30.4,
5312253,True,82.01,30.8,
5312306,True,71.01,30.3,
5312318,True,84.01,30.4,
6010025,True,80.01,30.9,
6010404,True,70.01,30.5,
6010700,True,76.01,30.2,
6012254,True,72.01,30.7,
6020950,True,85.01,30.8,
6021411,True,70.01,30.1,
6021421,True,76.01,30.4,
6021903,True,71.01,30.1,
6021905,True,68.01,30.3,
6021910,True,72.01,30.2,
6021920,True,73.01,30.5,
6030332,True,70.01,30.1,
6030417,True,70.01,30.4,
6030422,True,75.01,30.4,
6030447,True,68.01,30.3,
6030506,True,72.01,30.7,
6030535,True,68.01,30.8,
6030602,True,66.01,30.7,
6030722,True,68.01,30.5,
6030938,True,65.01,30.4,
6032143,True,72.01,30.3,
6040222,True,75.01,30.3,
6040525,True,85.01,30.7,
6040815,True,78.01,30.3,
6040955,True,92.01,30.6,
6041109,True,70.01,30.2,
6041149,True,68.01,30.4,
6041200,True,72.01,30.5,
6041343,True,77.01,30.6,
6041355,True,71.01,30.3,
6041801,True,68.01,30.9,
6041804,True,71.01,30.9,
6041810,True,73.01,30.5,
6050431,True,67.01,30.1,
6051601,True,82.01,30.6,
6051745,True,72.01,30.5,
6052124,True,68.01,30.2,
6060033,True,67.01,30.7,
6060629,True,72.01,30.5,
6060700,True,74.01,30.2,
6060727,True,77.01,30.5,
6060748,True,68.01,31.0,
6060845,True,69.01,30.8,
6061145,True,75.01,30.1,
6061618,True,80.01,30.8,
6061717,True,80.01,30.1,
6061728,True,83.01,30.4,
6070003,True,84.01,30.1,
6070027,True,77.01,30.1,
6070128,True,78.01,30.8,
6070503,True,67.01,30.1,
6071936,True,72.01,30.9,
6072007,True,70.01,30.9,
6072043,True,72.01,30.2,
6080637,True,81.01,30.4,
6080901,True,68.01,30.8,
6081356,True,75.01,30.9,
6082356,True,77.01,30.1,
6091107,True,67.01,30.7,
6091431,True,66.01,30.6,
6091703,True,72.01,30.3,
6091713,True,67.01,30.6,
6092128,True,70.01,30.4,
6092145,True,65.01,30.8,
6092231,False,64.01,-11.7,P arrival time (-11.70s) outside signal duration (0 to 64.01s)
6092255,True,67.01,31.0,
6100144,True,64.01,30.3,
6101341,True,66.01,30.4,
6110754,True,74.01,30.4,
6120734,True,76.01,30.7,
6131100,True,68.01,30.1,
6131310,True,67.01,30.0,
6132151,True,66.01,30.4,
6140251,True,68.01,30.7,
6140307,True,68.01,30.7,
6140357,True,68.01,30.0,
6141649,True,81.01,30.1,
6141744,True,70.01,30.8,
6150411,True,70.01,30.4,
6150843,True,71.01,30.8,
6151842,True,67.01,30.4,
6152145,True,66.01,30.6,
6152149,True,69.01,30.5,
6161240,True,68.01,30.1,
6170355,True,73.01,30.0,
6170512,True,70.01,30.0,
6172035,True,76.01,30.9,
6180940,True,80.01,30.8,
6181536,True,86.01,30.1,
6181702,True,85.01,30.2,
6200239,True,71.01,30.5,
6201012,True,73.01,30.3,
6201029,True,66.01,31.0,
6201940,True,64.01,30.0,
6202013,True,65.01,30.6,
6211544,True,79.01,30.1,
6211545,True,70.01,30.4,
6211711,True,64.01,30.8,
6212220,True,73.01,30.8,
6212325,True,95.01,30.5,
6220014,True,70.01,30.9,
6220022,True,66.01,30.0,
6220351,True,72.01,30.3,
6220658,True,73.01,30.4,
6221035,True,92.01,30.5,
6221042,True,70.01,30.5,
6221047,True,69.01,31.0,
6221151,True,73.01,30.4,
6221152,True,82.01,30.2,
6221158,True,73.01,30.0,
6221319,True,77.01,31.0,
6230638,True,79.01,30.1,
6230750,True,76.01,30.8,
6231536,True,75.01,30.1,
6232039,True,86.01,30.6,
6232056,True,77.01,30.9,
6232216,True,79.01,30.3,
6232219,True,82.01,30.7,
6241509,True,80.01,30.0,
6241925,True,73.01,30.6,
6242114,True,71.01,30.2,
6250436,True,66.01,30.3,
6250741,True,69.01,30.8,
6251446,True,74.01,31.0,
6262203,True,75.01,30.6,
6271104,True,182.01,36.2,
6271530,True,85.01,30.4,
6271716,True,76.01,30.8,
6280118,True,70.01,30.4,
6280306,True,72.01,30.7,
6280505,True,77.01,30.6,
6280818,True,68.01,30.6,
6290701,True,76.01,30.8,
6291914,True,80.01,30.5,
6292110,True,80.01,30.8,
6292209,True,77.01,30.1,
6292330,True,76.01,30.8,
6300130,True,68.01,30.9,
6300332,True,65.01,30.5,
6300529,True,70.01,30.5,
6300713,True,71.01,30.2,
6300957,True,69.01,30.8,
6301153,True,64.01,30.1,
6301312,True,69.01,30.5,
6301314,True,75.01,30.8,
6301739,True,76.01,24.0,
6301748,True,72.01,30.3,
6301851,True,77.01,30.3,
6302019,True,71.01,30.6,
7011356,True,86.01,30.9,
7011540,True,69.01,30.8,
7011552,True,69.01,30.7,
7011837,True,70.01,30.7,
7020901,True,79.01,30.3,
7021249,True,75.01,30.3,
7022338,True,73.01,30.5,
7030044,True,67.01,30.8,
7040450,True,65.01,30.9,
7040452,True,70.01,30.9,
7040513,True,65.01,30.4,
7041141,True,65.01,30.7,
7041202,True,65.01,30.5,
7051107,True,70.01,30.2,
7051117,True,70.01,30.5,
7051153,True,80.01,30.2,
7062222,True,68.01,30.2,
7080634,True,69.01,30.5,
7081545,True,73.01,30.2,
7100803,True,68.01,30.7,
7102116,True,78.01,31.0,
7102150,True,92.01,30.4,
7110900,True,69.01,30.5,
7120418,True,72.01,30.6,
7122136,True,66.01,30.8,
7142247,True,77.01,30.2,
7151839,True,68.01,30.2,
7151901,True,70.01,30.9,
7152103,True,70.01,30.4,
7160448,True,68.01,30.3,
7160820,True,74.01,30.4,
7161549,True,70.01,30.6,
7180149,True,76.01,30.5,
7181738,True,76.01,30.5,
7182110,True,83.01,30.2,
7192041,True,68.01,30.6,
7240505,True,70.01,30.9,
7252348,True,80.01,30.5,
7261759,True,71.01,30.6,
7261900,True,77.01,30.6,
7270420,True,70.01,30.8,
7282330,True,73.01,30.6,
7310604,True,66.01,31.0,
7311146,True,72.01,30.9,
8010408,True,69.01,30.7,
8021534,True,97.01,31.0,
8031650,True,65.01,30.6,
8040017,True,71.01,30.5,
8040558,True,68.01,30.4,
8041131,True,69.01,30.2,
8050123,True,71.01,30.3,
8070113,True,66.01,30.0,
8070302,True,74.01,30.5,
8070427,True,65.01,30.8,
8070619,True,75.01,30.9,
8071331,True,100.01,30.1,
8072049,True,70.01,30.8,
8072325,True,77.01,30.9,
8080056,True,69.01,30.5,
8080106,True,71.01,30.7,
8080156,True,71.01,30.8,
8081745,True,83.01,30.3,
8082000,True,68.01,30.7,
8082015,True,71.01,30.5,
8082248,True,66.01,30.3,
8091207,True,75.01,30.8,
8092215,True,80.01,30.9,
8100030,True,68.01,31.0,
8101746,True,75.01,30.5,
8110259,True,73.01,30.8,
8110434,True,72.01,30.1,
8110459,True,78.01,31.0,
8111113,True,67.01,30.9,
8121724,True,85.01,31.0,
8131931,True,65.01,30.9,
8132010,True,68.01,30.2,
8132314,True,68.01,30.9,
8140009,True,68.01,30.1,
8150442,True,76.01,30.8,
8161422,True,82.01,30.7,
8172238,True,76.01,30.5,
8181926,True,72.01,30.2,
8190209,True,73.01,30.7,
8191934,True,69.01,30.2,
8210338,True,72.01,30.1,
8210530,True,84.01,30.3,
8210916,True,66.01,30.2,
8211409,True,73.01,30.7,
8211721,True,69.01,30.8,
8220033,True,82.01,30.5,
8220420,True,67.01,30.8,
8221046,True,77.01,30.0,
8221124,True,79.01,30.6,
8221125,True,71.01,30.7,
8221145,True,72.01,30.4,
8221146,True,69.01,30.9,
8221149,True,69.01,30.6,
8221627,True,84.01,30.1,
8221911,True,70.01,30.6,
8222345,True,79.01,30.9,
8230046,True,77.01,30.9,
8231142,True,69.01,30.4,
8232018,True,89.01,30.2,
8250121,True,83.01,30.3,
8251717,True,67.01,30.8,
8291004,True,77.01,30.5,
8301156,True,72.01,30.3,
8301456,True,64.01,30.1,
8310121,True,67.01,30.1,
8311111,True,78.01,30.3,
8312314,True,79.01,30.7,
9020844,True,74.01,30.8,
9022352,True,73.01,30.3,
9030233,True,86.01,30.6,
9030405,True,75.01,30.4,
9040221,True,70.01,30.4,
9040227,True,73.01,30.9,
9040230,True,70.01,30.0,
9100859,True,71.01,30.6,
9111012,True,71.01,30.5,
9111802,True,76.01,30.4,
9121221,True,70.01,30.8,
9121625,True,76.01,30.6,
9121745,True,71.01,30.5,
9130250,True,77.01,30.3,
9130315,True,73.01,30.8,
9130458,True,79.01,30.7,
9130658,True,77.01,30.6,
9130833,True,89.01,30.4,
9130853,True,80.01,30.8,
9131058,True,65.01,30.4,
9150224,True,66.01,34.7,
9152252,True,75.01,30.2,
9160036,True,87.01,30.7,
9170909,True,85.01,30.4,
9171124,True,68.01,30.7,
9171208,True,70.01,30.4,
9171510,True,72.01,30.7,
9172136,True,79.01,30.6,
9180642,True,71.01,26.1,
9181721,True,76.01,30.3,
9181749,True,67.01,30.0,
9181829,True,70.01,31.0,
9181922,True,80.01,30.6,
9181937,True,79.01,30.5,
9181951,True,84.01,30.9,
9181953,True,87.01,30.5,
9182055,True,84.01,30.3,
9182057,True,75.01,30.5,
9182134,True,71.01,30.6,
9182143,True,83.01,30.7,
9190123,True,82.01,30.9,
9191904,True,75.01,30.3,
9200009,True,78.01,30.7,
9211140,True,80.01,30.0,
9230502,True,66.01,30.4,
9230646,True,68.01,30.1,
9250640,True,85.01,30.2,
9250818,True,76.01,30.0,
9250819,True,74.01,30.4,
9250820,True,80.01,30.5,
9250821,True,83.01,30.3,
9250824,True,72.01,30.9,
9250839,True,74.01,30.3,
9250910,True,69.01,30.6,
9250919,True,72.01,30.9,
9250924,True,73.01,30.0,
9250926,True,71.01,30.4,
9250946,True,67.01,30.3,
9251007,True,64.01,31.0,
9251953,True,67.01,30.6,
9252038,True,74.01,5.9,
9252052,True,67.01,30.8,
9252218,True,68.01,54.7,
9252222,True,66.01,31.0,
9260100,True,73.01,30.5,
9262150,True,75.01,30.3,
9270212,True,71.01,30.7,
9270313,True,75.01,30.4,
9270709,True,72.01,30.6,
9270948,True,74.01,30.6,
9271007,True,86.01,30.7,
9271349,True,70.01,30.9,
9280427,True,68.01,30.6,
9280529,True,75.01,30.4,
9280742,True,78.01,30.3,
9281636,True,81.01,30.7,
9281836,True,76.01,30.2,
9290250,True,71.01,30.8,
9290323,True,73.01,30.1,
9300240,True,72.01,30.4,
9300247,True,82.01,30.4,
9301341,True,74.01,30.8,
10011012,True,69.01,30.5,
10011019,True,75.01,30.8,
10011021,True,75.01,30.4,
10011041,True,71.01,30.4,
10011118,False,69.01,-1.1,P arrival time (-1.10s) outside signal duration (0 to 69.01s)
10011159,True,66.01,11.5,
10011205,True,69.01,30.6,
10011216,True,66.01,30.5,
10011256,False,68.01,-16.0,P arrival time (-16.00s) outside signal duration (0 to 68.01s)
10011321,True,70.01,30.2,
10011454,True,69.01,30.5,
10011529,True,49.0,30.0,
10011901,True,237.01,32.8,
10012206,True,77.01,30.5,
10012306,True,68.01,30.3,
10020511,True,63.01,31.0,
10020641,True,72.01,30.6,
10020648,True,69.01,19.9,
10021546,True,69.01,30.3,
10032000,True,70.01,30.0,
10032239,True,74.01,30.9,
10040138,True,68.01,30.4,
10040406,True,75.01,30.4,
10040904,True,80.01,30.1,
10040922,True,80.01,30.3,
10042129,True,81.01,30.8,
10050103,True,70.01,30.6,
10051407,True,76.01,30.3,
10060026,True,73.01,30.7,
10060133,True,83.01,30.5,
10060800,True,78.01,30.9,
10061128,True,69.01,30.4,
10061252,True,76.01,30.9,
10061637,True,74.01,30.2,
10061814,True,69.01,30.2,
10061955,True,78.01,30.2,
10062007,True,83.01,30.8,
10062123,True,81.01,30.0,
10070120,True,77.01,30.1,
10070214,True,78.01,30.2,
10070409,True,71.01,30.1,
10070448,True,72.01,30.1,
10070605,True,71.01,30.3,
10071004,True,76.01,30.3,
10071005,True,77.01,30.3,
10081100,True,72.01,30.2,
10081846,True,88.01,30.6,
10081857,True,76.01,30.6,
10082029,True,87.01,30.4,
10090014,True,90.01,30.1,
10090033,True,85.01,30.1,
10090037,True,88.01,30.7,
10090220,True,80.01,30.3,
10090429,True,76.01,30.6,
10091235,True,72.01,30.2,
10092134,True,83.01,30.6,
10100125,True,72.01,30.6,
10101252,True,67.01,30.3,
10101843,True,69.01,30.5,
10102000,True,73.01,30.1,
10102055,True,70.01,30.7,
10110803,True,69.01,30.7,
10110949,True,77.01,30.1,
10111238,True,69.01,30.7,
10111517,False,83.01,-14.6,P arrival time (-14.60s) outside signal duration (0 to 83.01s)
10121733,True,71.01,30.6,
10150343,True,79.01,30.0,
10151747,True,81.01,30.3,
10160815,True,67.01,30.8,
10160912,True,65.01,30.6,
10161425,True,68.01,30.7,
10170706,True,78.01,30.2,
10171539,True,74.01,30.9,
10171540,True,74.01,30.3,
10171648,True,95.01,30.6,
10171858,True,85.01,30.6,
10172119,True,68.01,30.8,
10180102,True,68.01,30.9,
10180116,True,69.01,30.3,
10180215,True,68.01,30.6,
10190049,True,72.01,30.9,
10190627,True,74.01,30.4,
10190905,True,83.01,30.2,
10191623,True,70.01,30.7,
10200454,True,77.01,30.3,
10201036,True,68.01,29.5,
10211300,True,68.01,30.3,
10220132,True,69.01,30.9,
10221108,True,87.01,30.3,
10221228,True,71.01,30.2,
10221450,True,78.01,30.9,
10221744,True,72.01,30.2,
10230455,True,80.01,30.4,
10230523,True,78.01,30.4,
10230540,True,80.01,30.4,
10230615,True,84.01,30.8,
10231136,True,74.01,30.9,
10231202,True,71.01,30.1,
10231205,True,69.01,30.1,
10231723,True,71.01,30.9,
10231729,True,69.01,30.1,
10232044,True,77.01,30.1,
10232206,True,81.01,30.9,
10232251,True,78.01,31.0,
10241444,True,77.01,31.0,
10241459,True,79.01,30.1,
10241601,True,73.01,30.8,
10241619,True,71.01,31.0,
10241735,True,79.01,30.8,
10241857,True,80.01,30.5,
10241905,True,75.01,30.6,
10242018,True,89.01,30.4,
10250449,True,49.01,13.9,
10250508,True,67.01,30.6,
10250512,True,71.01,30.7,
10250716,True,86.01,30.9,
10251717,True,84.01,30.2,
10251905,True,71.01,30.4,
10260635,True,78.01,30.9,
10262232,True,74.01,30.3,
10262235,True,80.01,31.0,
10270001,True,73.01,30.2,
10270038,True,70.01,30.9,
10270744,True,76.01,30.3,
10270843,True,90.01,30.6,
10270923,True,80.01,30.5,
10271038,True,85.01,30.5,
10271229,True,84.01,30.4,
10272004,True,88.01,30.8,
10281622,True,72.01,30.2,
10290152,True,72.01,6.6,
10290649,True,76.01,30.7,
10301747,True,70.01,30.7,
10301813,True,73.01,30.3,
10301824,True,69.01,30.5,
10301839,True,72.01,30.5,
10310033,True,75.01,30.3,
10310517,True,69.01,30.4,
10310713,False,70.01,-9.9,P arrival time (-9.90s) outside signal duration (0 to 70.01s)
11010719,True,74.01,30.3,
11011019,False,17.0,30.0,P arrival time (30.00s) outside signal duration (0 to 17.00s)
11011111,True,69.01,30.6,
11011542,True,73.01,30.8,
11031035,True,74.01,30.8,
11031139,True,76.01,30.4,
11031210,True,73.01,30.2,
11032238,True,79.01,31.0,
11032345,True,80.01,30.2,
11040432,True,83.01,30.0,
11040920,True,72.01,30.3,
11050411,True,31.18,30.7,
11050444,True,63.01,30.9,
11050540,True,64.01,30.0,
11060010,True,71.01,30.0,
11060738,True,64.01,41.2,
11060829,True,69.01,30.1,
11061158,True,75.01,30.3,
11061327,True,71.01,30.1,
11061339,True,73.01,30.6,
11061538,True,76.01,30.3,
11061713,True,69.01,30.9,
11061846,True,72.01,30.1,
11062107,True,73.01,30.8,
11070117,True,72.01,31.0,
11070215,True,74.01,30.9,
11070721,True,78.01,30.8,
11070750,True,71.01,30.9,
11071921,True,66.01,30.7,
11081241,True,71.01,30.1,
11081319,True,79.01,30.4,
11081817,True,73.01,30.3,
11081820,True,72.01,30.0,
11090406,True,72.01,30.3,
11090421,True,76.01,30.0,
11090528,True,76.01,31.0,
11091519,True,64.01,13.0,
11092241,True,79.01,30.2,
11111231,True,67.01,30.1,
11112123,True,74.01,30.5,
11121057,True,66.01,30.4,
11130344,True,70.01,30.6,
11130616,True,74.01,30.1,
11131135,True,70.01,30.6,
11132015,True,77.01,30.8,
11140309,True,92.01,30.8,
11140920,True,81.01,30.9,
11150101,True,78.01,30.4,
11150125,True,68.01,30.9,
11150511,True,81.01,30.5,
11150545,True,73.01,30.6,
11151406,True,66.01,30.2,
11161514,True,94.01,30.6,
11161949,True,76.01,30.1,
11162041,True,76.01,30.7,
11162053,True,75.01,30.7,
11162059,True,68.01,30.6,
11162153,True,90.01,30.1,
11162242,True,76.01,30.4,
11162310,True,77.01,30.6,
11170444,True,82.01,30.1,
11170446,True,74.01,30.5,
11170507,True,74.01,30.5,
11170737,True,70.01,30.4,
11171849,True,74.01,31.0,
11172318,True,73.01,30.1,
11180054,True,63.01,18.3,
11180214,True,76.01,30.0,
11180723,True,78.01,30.2,
11181052,True,71.01,30.3,
11181154,True,74.01,30.5,
11181306,True,83.01,30.1,
11181436,True,74.01,30.8,
11181713,True,77.01,30.5,
11181940,True,83.01,30.4,
11182152,True,67.01,30.4,
11182206,True,87.01,25.0,
11190032,True,73.01,31.0,
11190204,True,88.01,30.4,
11191252,True,65.01,30.6,
11191355,True,74.01,30.9,
11192016,True,81.01,30.3,
11192116,True,76.01,30.1,
11192229,True,72.01,30.3,
11201101,True,77.01,30.2,
11201124,True,80.01,30.4,
11201213,True,82.01,30.5,
11201235,True,81.01,30.9,
11201529,True,79.01,30.9,
11201624,True,78.01,30.5,
11201633,True,77.01,30.1,
11201640,True,73.01,30.1,
11201732,True,72.01,30.0,
11201918,True,77.01,30.9,
11202239,True,78.01,30.7,
11210227,True,75.01,30.2,
11210332,True,88.01,30.3,
11210707,True,70.01,30.7,
11211123,True,73.01,30.4,
11211755,True,76.01,31.0,
11211924,True,75.01,30.1,
11220047,True,76.01,30.4,
11220428,True,66.01,26.9,
11220459,True,76.01,31.0,
11220951,True,72.01,30.8,
11221020,True,65.01,31.0,
11221118,True,72.01,30.1,
11221129,True,86.01,30.3,
11221729,True,80.01,30.4,
11230808,True,77.01,30.6,
11231003,True,79.01,30.1,
11231747,True,76.01,30.9,
11231927,True,81.01,30.3,
11232014,True,72.01,30.6,
11232309,True,67.01,30.4,
11240052,True,67.01,2.3,
11240349,True,70.01,30.5,
11242030,True,79.01,31.0,
11242128,True,79.01,30.6,
11250226,True,80.01,30.2,
11250231,True,80.01,30.4,
11260618,True,79.01,30.1,
11261414,True,72.01,30.9,
11261918,True,71.01,12.9,
11262000,True,79.01,30.4,
11262018,True,80.01,30.6,
11271122,True,83.01,30.9,
11271131,True,76.01,30.1,
11271359,True,84.01,30.4,
11271425,True,74.01,30.1,
11271805,True,76.01,30.5,
11280302,True,83.01,30.6,
11280330,True,80.01,31.0,
11280608,True,79.01,30.5,
11280958,True,77.01,30.7,
11281032,True,75.01,30.9,
11281458,True,74.01,30.1,
11282204,True,73.01,30.4,
11290613,True,73.01,30.3,
11291825,True,75.01,30.7,
11300559,True,70.01,30.7,
11300934,True,82.01,30.7,
11301241,True,77.01,30.7,
12010303,True,69.01,30.3,
12020037,True,81.01,31.0,
12020038,True,79.01,31.0,
12021535,True,81.01,30.9,
12031349,True,75.01,30.3,
12031938,True,80.01,30.3,
12031949,True,75.01,30.9,
12031955,True,78.01,30.5,
12032014,True,76.01,30.9,
12032113,True,80.01,30.8,
12032144,True,85.01,30.2,
12032224,True,79.01,30.6,
12032253,True,84.01,30.5,
12032355,True,78.01,30.8,
12040518,True,71.01,30.7,
12042044,True,78.01,30.9,
12042209,True,78.01,30.2,
12042252,True,80.01,30.6,
12050052,True,74.01,30.3,
12050653,True,76.01,31.0,
12051458,True,79.01,30.4,
12052343,True,74.01,30.9,
12060013,True,72.01,30.4,
12060014,True,79.01,31.0,
12060506,True,80.01,30.8,
12060623,True,74.01,30.6,
12060626,True,77.01,30.5,
12060645,True,73.01,30.5,
12060832,True,79.01,30.0,
12061357,True,82.01,30.5,
12061416,True,77.01,30.8,
12061924,True,73.01,30.9,
12070106,True,70.01,30.5,
12070210,True,74.01,30.7,
12070854,True,75.01,30.7,
12071851,True,75.01,30.3,
12072007,True,67.01,30.1,
12072141,True,68.01,30.3,
12072347,True,69.01,30.3,
12081118,True,77.01,30.9,
12081446,True,73.01,30.1,
12090258,True,76.01,30.1,
12090802,True,73.01,30.6,
12090816,True,84.01,30.3,
12091111,True,66.01,30.5,
12091245,True,87.01,30.1,
12100006,True,78.01,30.7,
12100716,True,82.01,30.2,
12101011,True,83.01,30.8,
12101426,True,76.01,30.6,
12101447,False,66.01,-6.8,P arrival time (-6.80s) outside signal duration (0 to 66.01s)
12110003,True,72.01,30.1,
12110239,True,77.01,30.3,
12110429,True,72.01,30.4,
12110609,True,72.01,30.5,
12111851,True,79.01,30.5,
12112035,True,84.01,30.4,
12112044,True,80.01,30.0,
12112050,True,70.01,31.0,
12112102,True,76.01,30.1,
12112306,True,71.01,30.7,
12112337,True,82.01,30.4,
12121724,True,72.01,30.7,
12130142,True,68.01,30.9,
12130557,True,66.01,30.7,
12131414,True,70.01,30.9,
12131715,True,81.01,30.0,
12131722,True,79.01,30.5,
12131733,False,16.0,30.8,P arrival time (30.80s) outside signal duration (0 to 16.00s)
12131812,True,73.01,30.6,
12132010,True,77.01,30.6,
12140503,True,72.01,30.5,
12141239,True,73.01,30.2,
12141243,True,72.01,30.5,
12141432,True,67.01,30.2,
12141449,True,36.0,30.6,
12141530,True,80.01,30.2,
12141918,True,74.01,30.9,
12150100,True,51.5,30.5,
12150111,True,63.01,62.6,
12150113,True,76.01,30.8,
12150504,True,73.01,30.5,
12150842,True,71.01,30.0,
12150948,True,69.01,31.0,
12151217,True,74.01,30.2,
12151239,True,73.01,30.3,
12151446,True,74.01,30.7,
12152336,True,78.01,30.4,
12152347,True,76.01,30.1,
12160018,True,74.01,30.3,
12161141,True,70.01,30.5,
12162247,True,44.0,30.2,
12162252,True,68.01,30.2,
12162306,True,66.01,30.0,
12162359,False,27.0,31.0,P arrival time (31.00s) outside signal duration (0 to 27.00s)
12170005,True,72.01,30.4,
12170650,True,76.01,30.7,
12181633,True,86.01,30.7,
12191437,True,69.01,30.1,
12200039,True,69.01,30.7,
12200434,True,72.01,30.4,
12200848,True,73.01,31.0,
12201010,True,81.01,30.6,
12201043,True,71.01,30.4,
12201249,True,74.01,30.6,
12201834,True,75.01,30.8,
12210403,True,93.01,12.2,
12210603,True,78.01,31.0,
12210751,True,87.01,30.7,
12210817,True,68.01,30.8,
12210818,True,70.01,30.0,
12211212,True,70.01,30.6,
12211250,True,70.01,30.6,
12211459,True,72.01,30.9,
12211827,True,64.01,30.1,
12211829,True,70.01,30.2,
12211834,True,71.01,30.1,
12212115,True,73.01,30.2,
12220132,True,70.01,30.6,
12220620,True,66.01,30.7,
12220811,True,71.01,31.0,
12221016,True,64.01,19.0,
12221243,True,65.01,20.7,
12221547,True,75.01,30.2,
12230330,True,70.01,30.8,
12230421,True,69.01,30.1,
12231901,True,67.01,30.3,
12231938,True,77.01,30.6,
12231953,True,67.01,30.9,
12231956,True,63.01,30.8,
12232219,True,66.01,30.7,
12232225,True,69.01,30.6,
12250354,True,71.01,30.4,
12251011,True,75.01,30.7,
12251100,True,77.01,30.6,
12251314,True,64.01,30.2,
12251317,True,63.01,30.7,
12251815,True,72.01,30.2,
12260103,True,70.01,30.3,
12260258,True,86.01,30.6,
12261142,True,65.01,31.0,
12261210,True,76.01,30.4,
12261343,True,66.01,30.7,
12261424,True,63.01,30.8,
12261507,True,68.01,30.9,
12261551,True,71.01,30.1,
12261722,True,67.01,30.5,
12261923,True,67.01,30.3,
12262325,True,67.01,30.5,
12270342,True,68.01,30.3,
12270441,True,70.01,30.8,
12270447,True,66.01,30.9,
12270449,True,64.01,30.2,
12270454,True,83.01,30.9,
12270504,True,66.01,30.8,
12270603,True,66.01,30.5,
12270605,True,64.01,30.4,
12271328,True,76.01,30.9,
12271549,True,71.01,30.2,
12271650,True,76.01,30.3,
12271811,True,80.01,30.2,
12271833,True,75.01,30.1,
12272002,True,65.01,30.6,
12272251,True,60.01,30.6,
12272323,True,64.01,30.6,
12280210,True,65.01,14.7,
12280321,True,74.01,30.8,
12280452,True,67.01,30.1,
12280655,True,70.01,30.6,
12281026,True,71.01,31.0,
12281315,True,69.01,30.5,
12281510,True,73.01,30.3,
12282127,True,74.01,30.6,
12282223,True,76.01,30.6,
12290005,True,75.01,30.3,
12290012,True,68.01,30.3,
12290050,True,73.01,30.1,
12290206,True,65.01,31.0,
12290836,True,121.01,9.3,
12291143,True,65.01,30.6,
12291234,True,65.01,30.4,
12291305,True,76.01,30.6,
12291338,True,79.01,30.4,
12291528,True,74.01,30.0,
12291538,True,66.01,30.7,
12291926,True,82.01,30.2,
12300731,True,76.01,30.6,
12300744,True,84.01,30.3,
12300750,True,67.01,30.9,
12300937,True,77.01,30.1,
12301014,True,74.01,30.8,
12301015,True,75.01,30.3,
12301027,True,80.01,30.6,
12301351,True,66.01,30.1,
12301502,True,66.01,30.3,
12301534,True,67.01,30.8,
12302121,True,79.01,30.9,
12311421,True,81.01,30.4,
12311655,True,33.0,30.8,
12311917,True,65.01,30.7,
12311920,True,68.01,30.7,
12312039,True,70.01,30.1,
