file,arrival_time
04010355.mseed,9.070006132125854
04010936.mseed,15.559999942779541
04011749.mseed,30.319999933242798
04021433.mseed,35.700000047683716
04021440.mseed,11.730004072189331
04040703.mseed,16.609999895095825
04040806.mseed,10.319999694824219
04060255.mseed,30.5
04060259.mseed,30.700000047683716
04070345.mseed,30.09999990463257
04080544.mseed,30.59999990463257
04090212.mseed,30.0
04090213.mseed,30.700000047683716
04101203.mseed,30.0
04101518.mseed,30.799999952316284
04110429.mseed,30.09999990463257
04112146.mseed,30.700000047683716
04112204.mseed,30.5
04112246.mseed,30.0
04112326.mseed,30.700000047683716
04120051.mseed,30.799999952316284
04121751.mseed,30.59999990463257
04130755.mseed,30.200000047683716
04131912.mseed,30.299999952316284
04132106.mseed,30.90000009536743
04141413.mseed,30.299999952316284
04160411.mseed,30.09999990463257
04160833.mseed,30.5
04161533.mseed,30.200000047683716
04162354.mseed,30.09999990463257
04170639.mseed,30.5
04170737.mseed,30.09999990463257
04171705.mseed,30.799999952316284
04171958.mseed,30.40000009536743
04172029.mseed,30.0
04180058.mseed,30.200000047683716
04180104.mseed,30.5
04180342.mseed,30.299999952316284
04180501.mseed,30.5
04180817.mseed,30.299999952316284
04190209.mseed,30.700000047683716
04190917.mseed,30.299999952316284
04191034.mseed,30.90000009536743
04191914.mseed,30.59999990463257
04192044.mseed,30.799999952316284
04192056.mseed,30.09999990463257
04201441.mseed,30.0
04201959.mseed,31.0
04202016.mseed,30.90000009536743
04202038.mseed,30.799999952316284
04202054.mseed,30.09999990463257
04202055.mseed,30.700000047683716
04202151.mseed,30.200000047683716
04210356.mseed,30.299999952316284
04210429.mseed,30.299999952316284
04210436.mseed,30.700000047683716
04210502.mseed,30.799999952316284
04211035.mseed,30.0
04211329.mseed,30.40000009536743
04220120.mseed,30.5
04220149.mseed,30.0
04220416.mseed,31.0
04220850.mseed,30.09999990463257
04230207.mseed,30.299999952316284
04230352.mseed,30.200000047683716
04230408.mseed,30.299999952316284
04230642.mseed,30.59999990463257
04230911.mseed,30.90000009536743
04231411.mseed,30.90000009536743
04231529.mseed,30.799999952316284
04240055.mseed,30.700000047683716
04240835.mseed,30.90000009536743
04240928.mseed,30.09999990463257
04241425.mseed,30.90000009536743
04241431.mseed,30.09999990463257
04241718.mseed,30.5
04250518.mseed,30.59999990463257
04250816.mseed,30.09999990463257
04250930.mseed,30.200000047683716
04251116.mseed,31.0
04252130.mseed,30.200000047683716
04260009.mseed,30.09999990463257
04260041.mseed,30.200000047683716
04260750.mseed,30.299999952316284
04261033.mseed,31.0
04261148.mseed,30.40000009536743
04261205.mseed,30.90000009536743
04261322.mseed,30.299999952316284
04261342.mseed,30.299999952316284
04261739.mseed,30.700000047683716
04271039.mseed,30.59999990463257
04271056.mseed,30.09999990463257
04271751.mseed,30.5
04280719.mseed,30.200000047683716
04280919.mseed,30.40000009536743
04281139.mseed,30.40000009536743
04282328.mseed,30.90000009536743
04290323.mseed,30.299999952316284
04290336.mseed,30.90000009536743
04290827.mseed,30.700000047683716
04291335.mseed,30.09999990463257
04291403.mseed,30.799999952316284
04291430.mseed,30.799999952316284
04291444.mseed,30.700000047683716
04291915.mseed,30.5
04292020.mseed,30.90000009536743
04292116.mseed,30.0
04292152.mseed,30.200000047683716
04292200.mseed,30.700000047683716
04292203.mseed,30.299999952316284
04292328.mseed,30.59999990463257
04292355.mseed,30.59999990463257
04300111.mseed,30.299999952316284
04300126.mseed,30.0
04300322.mseed,30.700000047683716
04300500.mseed,30.0
04300525.mseed,30.59999990463257
04300534.mseed,30.90000009536743
04300541.mseed,30.09999990463257
04300606.mseed,30.90000009536743
04300622.mseed,30.700000047683716
04300711.mseed,30.40000009536743
04300726.mseed,30.0
04300742.mseed,30.200000047683716
04300753.mseed,30.40000009536743
04300758.mseed,31.0
04300809.mseed,30.200000047683716
04300836.mseed,30.200000047683716
04300842.mseed,30.700000047683716
04300856.mseed,30.799999952316284
04300902.mseed,30.799999952316284
04300905.mseed,30.0
04300907.mseed,31.0
04300921.mseed,18.5
04300926.mseed,30.90000009536743
04300933.mseed,30.90000009536743
04300937.mseed,30.700000047683716
04300938.mseed,30.59999990463257
04300940.mseed,30.700000047683716
04301015.mseed,30.200000047683716
04301059.mseed,30.59999990463257
04301119.mseed,31.0
04301140.mseed,30.09999990463257
04301143.mseed,30.59999990463257
04301155.mseed,30.09999990463257
04301159.mseed,30.700000047683716
04301200.mseed,30.0
04301206.mseed,30.700000047683716
04301207.mseed,30.59999990463257
04301208.mseed,30.299999952316284
04301211.mseed,30.700000047683716
04301212.mseed,30.40000009536743
04301215.mseed,30.200000047683716
04301238.mseed,30.700000047683716
04301241.mseed,30.90000009536743
04301249.mseed,30.799999952316284
04301250.mseed,30.200000047683716
04301252.mseed,30.59999990463257
04301301.mseed,30.90000009536743
04301302.mseed,31.0
04301304.mseed,30.700000047683716
04301326.mseed,30.200000047683716
04301357.mseed,30.09999990463257
04301406.mseed,30.799999952316284
04301419.mseed,30.700000047683716
04301453.mseed,30.799999952316284
04301455.mseed,30.700000047683716
04301543.mseed,30.40000009536743
04301544.mseed,30.799999952316284
04301556.mseed,30.90000009536743
04301600.mseed,30.0
04301601.mseed,30.0
04301606.mseed,30.5
04301629.mseed,30.700000047683716
04301633.mseed,30.799999952316284
04301648.mseed,30.200000047683716
04301707.mseed,30.40000009536743
04301708.mseed,30.0
04301738.mseed,30.09999990463257
04301811.mseed,30.700000047683716
04301814.mseed,30.299999952316284
04301821.mseed,30.200000047683716
04301839.mseed,30.299999952316284
04301845.mseed,30.0
04301853.mseed,30.5
04301854.mseed,30.200000047683716
04301855.mseed,30.0
04301904.mseed,30.90000009536743
04301905.mseed,30.09999990463257
04301910.mseed,30.09999990463257
04301917.mseed,30.5
04301921.mseed,30.40000009536743
04301934.mseed,30.40000009536743
04302004.mseed,30.299999952316284
04302009.mseed,14.299999952316284
04302021.mseed,30.09999990463257
04302026.mseed,30.90000009536743
04302045.mseed,30.0
04302047.mseed,30.40000009536743
04302111.mseed,30.09999990463257
04302114.mseed,30.40000009536743
04302134.mseed,30.5
04302142.mseed,30.799999952316284
04302224.mseed,30.0
04302233.mseed,30.700000047683716
04302238.mseed,30.90000009536743
04302241.mseed,30.0
04302242.mseed,30.40000009536743
04302258.mseed,30.799999952316284
04302317.mseed,30.90000009536743
04302332.mseed,30.40000009536743
04302343.mseed,30.5
05010034.mseed,30.59999990463257
05010041.mseed,30.40000009536743
05010053.mseed,30.5
05010101.mseed,17.0
05010110.mseed,30.0
05010115.mseed,30.09999990463257
05010122.mseed,30.799999952316284
05010137.mseed,30.200000047683716
05010146.mseed,31.0
05010151.mseed,30.200000047683716
05010152.mseed,30.200000047683716
05010242.mseed,30.799999952316284
05010247.mseed,6.200000047683716
05010310.mseed,30.200000047683716
05010342.mseed,30.90000009536743
05010420.mseed,30.59999990463257
05010428.mseed,30.59999990463257
05010443.mseed,30.59999990463257
05010455.mseed,30.5
05010512.mseed,30.5
05010513.mseed,30.90000009536743
05010516.mseed,30.299999952316284
05010534.mseed,30.299999952316284
05010544.mseed,30.09999990463257
05010551.mseed,30.90000009536743
05010612.mseed,31.0
05010616.mseed,30.90000009536743
05010623.mseed,31.0
05010629.mseed,30.299999952316284
05010635.mseed,30.0
05010636.mseed,30.299999952316284
05010648.mseed,30.09999990463257
05010757.mseed,30.799999952316284
05010801.mseed,30.700000047683716
05010807.mseed,30.0
05010815.mseed,30.299999952316284
05010826.mseed,30.200000047683716
05010846.mseed,30.90000009536743
05010859.mseed,30.5
05010906.mseed,30.799999952316284
05010908.mseed,30.5
05010938.mseed,30.200000047683716
05010946.mseed,30.90000009536743
05010950.mseed,30.59999990463257
05011017.mseed,30.200000047683716
05011018.mseed,30.90000009536743
05011019.mseed,30.799999952316284
05011035.mseed,30.59999990463257
05011042.mseed,30.90000009536743
05011055.mseed,31.0
05011101.mseed,30.59999990463257
05011103.mseed,30.40000009536743
05011144.mseed,30.59999990463257
05011155.mseed,30.799999952316284
05011215.mseed,30.700000047683716
05011230.mseed,5.5
05011232.mseed,30.799999952316284
05011250.mseed,30.799999952316284
05011317.mseed,30.5
05011349.mseed,30.200000047683716
05011410.mseed,30.200000047683716
05011426.mseed,5.299999952316284
05011455.mseed,30.5
05011514.mseed,30.09999990463257
05011524.mseed,30.40000009536743
05011536.mseed,30.5
05011546.mseed,30.799999952316284
05011606.mseed,30.40000009536743
05011614.mseed,30.299999952316284
05011621.mseed,30.200000047683716
05011656.mseed,30.5
05011714.mseed,30.09999990463257
05011719.mseed,30.5
05011723.mseed,30.59999990463257
05011738.mseed,30.299999952316284
05011748.mseed,31.0
05011827.mseed,30.09999990463257
05011917.mseed,30.799999952316284
05011954.mseed,30.799999952316284
05012001.mseed,30.700000047683716
05012005.mseed,30.09999990463257
05012016.mseed,30.59999990463257
05012021.mseed,30.700000047683716
05012036.mseed,30.799999952316284
05012044.mseed,30.200000047683716
05012112.mseed,30.5
05012128.mseed,9.200000047683716
05012138.mseed,30.09999990463257
05012147.mseed,30.700000047683716
05012216.mseed,30.299999952316284
05012218.mseed,30.40000009536743
05012219.mseed,30.799999952316284
05012222.mseed,30.5
05012223.mseed,30.5
05012310.mseed,30.0
05012312.mseed,30.299999952316284
05012331.mseed,30.90000009536743
05020038.mseed,30.59999990463257
05020103.mseed,30.0
05020118.mseed,11.700000047683716
05020134.mseed,30.09999990463257
05020157.mseed,30.40000009536743
05020201.mseed,30.90000009536743
05020211.mseed,30.200000047683716
05020215.mseed,30.59999990463257
05020230.mseed,30.700000047683716
05020240.mseed,30.200000047683716
05020245.mseed,30.5
05020249.mseed,30.299999952316284
05020255.mseed,30.200000047683716
05020309.mseed,30.5
05020314.mseed,30.40000009536743
05020331.mseed,30.90000009536743
05020347.mseed,30.200000047683716
05020359.mseed,30.299999952316284
05020404.mseed,30.5
05020413.mseed,30.09999990463257
05020609.mseed,30.200000047683716
05020632.mseed,30.700000047683716
05020641.mseed,30.299999952316284
05020713.mseed,30.09999990463257
05020721.mseed,30.90000009536743
05020724.mseed,30.700000047683716
05020748.mseed,30.799999952316284
05020751.mseed,30.90000009536743
05020819.mseed,30.5
05020836.mseed,30.90000009536743
05020846.mseed,30.5
05020930.mseed,30.799999952316284
05021018.mseed,30.09999990463257
05021136.mseed,30.40000009536743
05021150.mseed,30.299999952316284
05021637.mseed,30.90000009536743
05021719.mseed,30.799999952316284
05021727.mseed,30.799999952316284
05021732.mseed,30.799999952316284
05021741.mseed,30.5
05021821.mseed,30.200000047683716
05021828.mseed,30.09999990463257
05021842.mseed,30.200000047683716
05021852.mseed,30.200000047683716
05021941.mseed,30.700000047683716
05021955.mseed,30.799999952316284
05022101.mseed,30.59999990463257
05022121.mseed,30.5
05022138.mseed,30.700000047683716
05022139.mseed,30.5
05022232.mseed,30.299999952316284
05022239.mseed,30.200000047683716
05022240.mseed,30.40000009536743
05022339.mseed,30.59999990463257
05022345.mseed,30.59999990463257
05030053.mseed,30.5
05030253.mseed,30.799999952316284
05030356.mseed,30.90000009536743
05030415.mseed,30.09999990463257
05030435.mseed,30.200000047683716
05030453.mseed,30.0
05030608.mseed,30.799999952316284
05030645.mseed,30.299999952316284
05030734.mseed,30.700000047683716
05030839.mseed,30.40000009536743
05030858.mseed,30.0
05030953.mseed,30.90000009536743
05031137.mseed,30.59999990463257
05031142.mseed,30.59999990463257
05031253.mseed,30.40000009536743
05031330.mseed,30.5
05031339.mseed,30.299999952316284
05031352.mseed,30.5
05031407.mseed,30.59999990463257
05031412.mseed,30.299999952316284
05031442.mseed,30.5
05031452.mseed,30.200000047683716
05031454.mseed,30.200000047683716
05031519.mseed,30.700000047683716
05031520.mseed,30.799999952316284
05031556.mseed,30.09999990463257
05031703.mseed,30.200000047683716
05031704.mseed,30.799999952316284
05031716.mseed,30.0
05031719.mseed,30.90000009536743
05031730.mseed,30.40000009536743
05031734.mseed,30.200000047683716
05031814.mseed,30.09999990463257
05031821.mseed,30.59999990463257
05032018.mseed,30.799999952316284
05032036.mseed,30.700000047683716
05032345.mseed,31.0
05032358.mseed,30.0
05040852.mseed,30.09999990463257
05040931.mseed,30.700000047683716
05040941.mseed,30.59999990463257
05041041.mseed,30.700000047683716
05041623.mseed,30.59999990463257
05041738.mseed,30.799999952316284
05041754.mseed,30.59999990463257
05041826.mseed,30.299999952316284
05041911.mseed,30.700000047683716
05041936.mseed,30.59999990463257
05041955.mseed,30.90000009536743
05042005.mseed,30.5
05042018.mseed,30.59999990463257
05042045.mseed,30.700000047683716
05042052.mseed,30.799999952316284
05042204.mseed,30.700000047683716
05042225.mseed,30.09999990463257
05042240.mseed,30.09999990463257
05042307.mseed,30.09999990463257
05042308.mseed,30.59999990463257
05042321.mseed,30.59999990463257
05050206.mseed,30.90000009536743
05050724.mseed,31.0
05050725.mseed,30.09999990463257
05050815.mseed,30.200000047683716
05051535.mseed,30.700000047683716
05052013.mseed,30.90000009536743
05052035.mseed,30.09999990463257
05060123.mseed,30.40000009536743
05060139.mseed,30.59999990463257
05060353.mseed,30.5
05062054.mseed,30.90000009536743
05062108.mseed,30.200000047683716
05062133.mseed,30.700000047683716
05070202.mseed,30.799999952316284
05070209.mseed,30.799999952316284
05070237.mseed,30.59999990463257
05070247.mseed,30.40000009536743
05070411.mseed,34.5
05070420.mseed,31.0
05070456.mseed,30.799999952316284
05070637.mseed,30.200000047683716
05070718.mseed,30.40000009536743
05070805.mseed,30.299999952316284
05071059.mseed,30.799999952316284
05071337.mseed,30.5
05071623.mseed,30.5
05071736.mseed,30.90000009536743
05071754.mseed,30.40000009536743
05071755.mseed,30.700000047683716
05071834.mseed,30.299999952316284
05071943.mseed,30.09999990463257
05071946.mseed,30.0
05072038.mseed,30.5
05072114.mseed,31.0
05072336.mseed,30.0
05080011.mseed,30.700000047683716
05080042.mseed,30.799999952316284
05080152.mseed,30.40000009536743
05080158.mseed,30.90000009536743
05080348.mseed,30.40000009536743
05080409.mseed,30.09999990463257
05080439.mseed,30.799999952316284
05080708.mseed,30.0
05080723.mseed,30.299999952316284
05080724.mseed,30.0
05081104.mseed,30.200000047683716
05081105.mseed,30.299999952316284
05081149.mseed,30.40000009536743
05081200.mseed,30.09999990463257
05081426.mseed,30.799999952316284
05082342.mseed,30.200000047683716
05090018.mseed,30.200000047683716
05090116.mseed,30.299999952316284
05090126.mseed,30.09999990463257
05090128.mseed,30.40000009536743
05090139.mseed,30.299999952316284
05090255.mseed,30.59999990463257
05090417.mseed,30.700000047683716
05090452.mseed,30.299999952316284
05090501.mseed,30.700000047683716
05090514.mseed,30.40000009536743
05090515.mseed,30.40000009536743
05090517.mseed,30.40000009536743
05090523.mseed,30.59999990463257
05090540.mseed,30.40000009536743
05090543.mseed,30.200000047683716
05090546.mseed,30.90000009536743
05090732.mseed,30.0
05090751.mseed,30.5
05090818.mseed,31.0
05090826.mseed,30.5
05091021.mseed,30.40000009536743
05091029.mseed,31.0
05091105.mseed,30.5
05091557.mseed,30.799999952316284
05091639.mseed,30.90000009536743
05091648.mseed,30.200000047683716
05091707.mseed,30.09999990463257
05091732.mseed,30.59999990463257
05091915.mseed,30.299999952316284
05091930.mseed,30.700000047683716
05092056.mseed,30.200000047683716
05092141.mseed,30.200000047683716
05092144.mseed,30.09999990463257
05092314.mseed,30.700000047683716
05092321.mseed,30.09999990463257
05100018.mseed,30.40000009536743
05100132.mseed,30.09999990463257
05100328.mseed,30.200000047683716
05100545.mseed,30.700000047683716
05100759.mseed,30.0
05100802.mseed,30.40000009536743
05100956.mseed,30.40000009536743
05101115.mseed,30.700000047683716
05101202.mseed,30.700000047683716
05101206.mseed,31.0
05101623.mseed,30.59999990463257
05111532.mseed,30.799999952316284
05112107.mseed,30.40000009536743
05112114.mseed,30.799999952316284
05112118.mseed,30.200000047683716
05120243.mseed,30.09999990463257
05120347.mseed,30.299999952316284
05120657.mseed,30.59999990463257
05120744.mseed,30.5
05120810.mseed,30.09999990463257
05120900.mseed,30.200000047683716
05120907.mseed,30.5
05120951.mseed,30.09999990463257
05122259.mseed,30.90000009536743
05122322.mseed,30.59999990463257
05130303.mseed,30.40000009536743
05130404.mseed,30.5
05130513.mseed,30.40000009536743
05130629.mseed,30.299999952316284
05131209.mseed,30.799999952316284
05131844.mseed,30.5
05132029.mseed,30.700000047683716
05132201.mseed,30.799999952316284
05132229.mseed,30.90000009536743
05132336.mseed,30.799999952316284
05140320.mseed,30.200000047683716
05140342.mseed,30.59999990463257
05140723.mseed,30.200000047683716
05141047.mseed,30.59999990463257
05141901.mseed,30.799999952316284
05141941.mseed,31.0
05142013.mseed,30.700000047683716
05142051.mseed,30.200000047683716
05142102.mseed,30.700000047683716
05142341.mseed,30.59999990463257
05142353.mseed,30.200000047683716
05150119.mseed,30.200000047683716
05150355.mseed,30.59999990463257
05150929.mseed,30.90000009536743
05151012.mseed,30.299999952316284
05160317.mseed,30.299999952316284
05160849.mseed,30.200000047683716
05160850.mseed,60.59999990463257
05160912.mseed,30.0
05161559.mseed,30.0
05170001.mseed,30.799999952316284
05170315.mseed,30.09999990463257
05170809.mseed,30.59999990463257
05191810.mseed,30.799999952316284
05192033.mseed,30.59999990463257
05192227.mseed,30.799999952316284
05192316.mseed,30.5
05200208.mseed,30.799999952316284
05201007.mseed,30.90000009536743
05201853.mseed,30.700000047683716
05210737.mseed,30.0
05211027.mseed,30.40000009536743
05211202.mseed,30.40000009536743
05211312.mseed,30.90000009536743
05220342.mseed,30.40000009536743
05220455.mseed,30.40000009536743
05221046.mseed,30.700000047683716
05221326.mseed,30.90000009536743
05221726.mseed,30.299999952316284
05221839.mseed,30.09999990463257
05230210.mseed,30.5
05230257.mseed,30.40000009536743
05230601.mseed,30.200000047683716
05230627.mseed,30.799999952316284
05230955.mseed,30.700000047683716
05231019.mseed,30.200000047683716
05231832.mseed,30.59999990463257
05240433.mseed,30.200000047683716
05241159.mseed,30.0
05241738.mseed,30.799999952316284
05241827.mseed,30.40000009536743
05242151.mseed,30.40000009536743
05250033.mseed,30.299999952316284
05250148.mseed,30.700000047683716
05250205.mseed,30.59999990463257
05250718.mseed,30.0
05250829.mseed,30.700000047683716
05251210.mseed,30.90000009536743
05251238.mseed,30.299999952316284
05251914.mseed,31.0
05260306.mseed,30.799999952316284
05261124.mseed,30.0
05261747.mseed,30.700000047683716
05270328.mseed,31.0
05271345.mseed,30.90000009536743
05271937.mseed,30.40000009536743
05272241.mseed,30.59999990463257
05280201.mseed,30.40000009536743
05290328.mseed,30.90000009536743
05290448.mseed,30.90000009536743
05290820.mseed,30.799999952316284
05291013.mseed,30.5
05291035.mseed,30.40000009536743
05291055.mseed,30.0
05291130.mseed,30.5
05291327.mseed,30.59999990463257
05291734.mseed,30.5
05291743.mseed,30.59999990463257
05291854.mseed,30.5
05291901.mseed,31.0
05292117.mseed,30.299999952316284
05300017.mseed,30.90000009536743
05300416.mseed,30.09999990463257
05301011.mseed,30.200000047683716
05301016.mseed,30.299999952316284
05302322.mseed,30.90000009536743
05310010.mseed,30.5
05310457.mseed,30.299999952316284
05310501.mseed,30.299999952316284
05311640.mseed,30.09999990463257
05312106.mseed,30.40000009536743
05312306.mseed,30.299999952316284
05312318.mseed,30.40000009536743
06010025.mseed,30.90000009536743
06010700.mseed,30.200000047683716
06020950.mseed,30.799999952316284
06021411.mseed,30.09999990463257
06021421.mseed,30.40000009536743
06021903.mseed,30.09999990463257
06030332.mseed,30.09999990463257
06030417.mseed,30.40000009536743
06030506.mseed,30.700000047683716
06030535.mseed,30.799999952316284
06030602.mseed,30.700000047683716
06030938.mseed,30.40000009536743
06032143.mseed,30.299999952316284
06040222.mseed,30.299999952316284
06040525.mseed,30.700000047683716
06040815.mseed,30.299999952316284
06040955.mseed,30.59999990463257
06041109.mseed,30.200000047683716
06041149.mseed,30.40000009536743
06041200.mseed,30.5
06041343.mseed,30.59999990463257
06041355.mseed,30.299999952316284
06041804.mseed,30.90000009536743
06041810.mseed,30.5
06051745.mseed,30.5
06052124.mseed,30.200000047683716
06060629.mseed,30.5
06060700.mseed,30.200000047683716
06060727.mseed,30.5
06060748.mseed,31.0
06061145.mseed,30.09999990463257
06061717.mseed,30.09999990463257
06070003.mseed,30.09999990463257
06070027.mseed,30.09999990463257
06070128.mseed,30.799999952316284
06071936.mseed,30.90000009536743
06072007.mseed,30.90000009536743
06080637.mseed,30.40000009536743
06081356.mseed,30.90000009536743
06091107.mseed,30.700000047683716
06091431.mseed,30.59999990463257
06092145.mseed,30.799999952316284
06092255.mseed,31.0
06100144.mseed,30.299999952316284
06101341.mseed,30.40000009536743
06110754.mseed,30.40000009536743
06120734.mseed,30.700000047683716
06131310.mseed,30.0
06132151.mseed,30.40000009536743
06140251.mseed,30.700000047683716
06140307.mseed,30.700000047683716
06140357.mseed,30.0
06141649.mseed,30.09999990463257
06141744.mseed,30.799999952316284
06150411.mseed,30.40000009536743
06152145.mseed,30.59999990463257
06152149.mseed,30.5
06161240.mseed,30.09999990463257
06170355.mseed,30.0
06172035.mseed,30.90000009536743
06180940.mseed,30.799999952316284
06181536.mseed,30.09999990463257
06181702.mseed,30.200000047683716
06200239.mseed,30.5
06201029.mseed,31.0
06201940.mseed,30.0
06202013.mseed,30.59999990463257
06211544.mseed,30.09999990463257
06211545.mseed,30.40000009536743
06211711.mseed,30.799999952316284
06212220.mseed,30.799999952316284
06212325.mseed,30.5
06220014.mseed,30.90000009536743
06220022.mseed,30.0
06220351.mseed,30.299999952316284
06221042.mseed,30.5
06221319.mseed,31.0
06231536.mseed,30.09999990463257
06232039.mseed,30.59999990463257
06232056.mseed,30.90000009536743
06232216.mseed,30.299999952316284
06241509.mseed,30.0
06241925.mseed,30.59999990463257
06251446.mseed,31.0
06262203.mseed,30.59999990463257
06271530.mseed,30.40000009536743
06271716.mseed,30.799999952316284
06280118.mseed,30.40000009536743
06280306.mseed,30.700000047683716
06280818.mseed,30.59999990463257
06290701.mseed,30.799999952316284
06291914.mseed,30.5
06292110.mseed,30.799999952316284
06292330.mseed,30.799999952316284
06300130.mseed,30.90000009536743
06300332.mseed,30.5
06300713.mseed,30.200000047683716
06300957.mseed,30.799999952316284
06301314.mseed,30.799999952316284
06301851.mseed,30.299999952316284
07011356.mseed,30.90000009536743
07011540.mseed,30.799999952316284
07011552.mseed,30.700000047683716
07011837.mseed,30.700000047683716
07020901.mseed,30.299999952316284
07021249.mseed,30.299999952316284
07030044.mseed,30.799999952316284
07040452.mseed,30.90000009536743
07040513.mseed,30.40000009536743
07041141.mseed,30.700000047683716
07041202.mseed,30.5
07051107.mseed,30.200000047683716
07051117.mseed,30.5
07062222.mseed,30.200000047683716
07080634.mseed,30.5
07081545.mseed,30.200000047683716
07120418.mseed,30.59999990463257
07122136.mseed,30.799999952316284
07142247.mseed,30.200000047683716
07151901.mseed,30.90000009536743
07152103.mseed,30.40000009536743
07160448.mseed,30.299999952316284
07182110.mseed,30.200000047683716
07192041.mseed,30.59999990463257
07240505.mseed,30.90000009536743
07261900.mseed,30.59999990463257
07270420.mseed,30.799999952316284
07282330.mseed,30.59999990463257
07311146.mseed,30.90000009536743
08021534.mseed,31.0
08031650.mseed,30.59999990463257
08040017.mseed,30.5
08040558.mseed,30.40000009536743
08041131.mseed,30.200000047683716
08070113.mseed,30.0
08070302.mseed,30.5
08070427.mseed,30.799999952316284
08072049.mseed,30.799999952316284
08080056.mseed,30.5
08080106.mseed,30.700000047683716
08082015.mseed,30.5
08091207.mseed,30.799999952316284
08100030.mseed,31.0
08101746.mseed,30.5
08110434.mseed,30.09999990463257
08110459.mseed,31.0
08111113.mseed,30.90000009536743
08131931.mseed,30.90000009536743
08140009.mseed,30.09999990463257
08150442.mseed,30.799999952316284
08161422.mseed,30.700000047683716
08172238.mseed,30.5
08181926.mseed,30.200000047683716
08191934.mseed,30.200000047683716
08210338.mseed,30.09999990463257
08210530.mseed,30.299999952316284
08211409.mseed,30.700000047683716
08220033.mseed,30.5
08220420.mseed,30.799999952316284
08221046.mseed,30.0
08221125.mseed,30.700000047683716
08221146.mseed,30.90000009536743
08221149.mseed,30.59999990463257
08221627.mseed,30.09999990463257
08221911.mseed,30.59999990463257
08222345.mseed,30.90000009536743
08230046.mseed,30.90000009536743
08231142.mseed,30.40000009536743
08232018.mseed,30.200000047683716
08250121.mseed,30.299999952316284
08251717.mseed,30.799999952316284
08291004.mseed,30.5
08311111.mseed,30.299999952316284
08312314.mseed,30.700000047683716
09020844.mseed,30.799999952316284
09030233.mseed,30.59999990463257
09040221.mseed,30.40000009536743
09040227.mseed,30.90000009536743
09100859.mseed,30.59999990463257
09111012.mseed,30.5
09111802.mseed,30.40000009536743
09121625.mseed,30.59999990463257
09130250.mseed,30.299999952316284
09130658.mseed,30.59999990463257
09152252.mseed,30.200000047683716
09160036.mseed,30.700000047683716
09170909.mseed,30.40000009536743
09171124.mseed,30.700000047683716
09171208.mseed,30.40000009536743
09181721.mseed,30.299999952316284
09181749.mseed,30.0
09181829.mseed,31.0
09181922.mseed,30.59999990463257
09181937.mseed,30.5
09181953.mseed,30.5
09182055.mseed,30.299999952316284
09182057.mseed,30.5
09182143.mseed,30.700000047683716
09190123.mseed,30.90000009536743
09191904.mseed,30.299999952316284
09200009.mseed,30.700000047683716
09211140.mseed,30.0
09230502.mseed,30.40000009536743
09230646.mseed,30.09999990463257
09250818.mseed,30.0
09250819.mseed,30.40000009536743
09250820.mseed,30.5
09250821.mseed,30.299999952316284
09250824.mseed,30.90000009536743
09250910.mseed,30.59999990463257
09250919.mseed,30.90000009536743
09250926.mseed,30.40000009536743
09251007.mseed,31.0
09251953.mseed,30.59999990463257
09252052.mseed,30.799999952316284
09252218.mseed,54.700000047683716
09252222.mseed,31.0
09260100.mseed,30.5
09262150.mseed,30.299999952316284
09270709.mseed,30.59999990463257
09271007.mseed,30.700000047683716
09281636.mseed,30.700000047683716
09281836.mseed,30.200000047683716
09290323.mseed,30.09999990463257
09300240.mseed,30.40000009536743
09300247.mseed,30.40000009536743
09301341.mseed,30.799999952316284
10011012.mseed,30.5
10011019.mseed,30.799999952316284
10011021.mseed,30.40000009536743
10011041.mseed,30.40000009536743
10011159.mseed,11.5
10011216.mseed,30.5
10011454.mseed,30.5
10011901.mseed,32.799999952316284
10012306.mseed,30.299999952316284
10020511.mseed,31.0
10020641.mseed,30.59999990463257
10021546.mseed,30.299999952316284
10032000.mseed,30.0
10032239.mseed,30.90000009536743
10040138.mseed,30.40000009536743
10040406.mseed,30.40000009536743
10042129.mseed,30.799999952316284
10050103.mseed,30.59999990463257
10051407.mseed,30.299999952316284
10060026.mseed,30.700000047683716
10060133.mseed,30.5
10061128.mseed,30.40000009536743
10061252.mseed,30.90000009536743
10061814.mseed,30.200000047683716
10061955.mseed,30.200000047683716
10062123.mseed,30.0
10070409.mseed,30.09999990463257
10070605.mseed,30.299999952316284
10071004.mseed,30.299999952316284
10071005.mseed,30.299999952316284
10081100.mseed,30.200000047683716
10081846.mseed,30.59999990463257
10081857.mseed,30.59999990463257
10082029.mseed,30.40000009536743
10090014.mseed,30.09999990463257
10090033.mseed,30.09999990463257
10090037.mseed,30.700000047683716
10090220.mseed,30.299999952316284
10091235.mseed,30.200000047683716
10101252.mseed,30.299999952316284
10101843.mseed,30.5
10102055.mseed,30.700000047683716
10110949.mseed,30.09999990463257
10111238.mseed,30.700000047683716
10150343.mseed,30.0
10160815.mseed,30.799999952316284
10161425.mseed,30.700000047683716
10170706.mseed,30.200000047683716
10171539.mseed,30.90000009536743
10171858.mseed,30.59999990463257
10180102.mseed,30.90000009536743
10180116.mseed,30.299999952316284
10180215.mseed,30.59999990463257
10190627.mseed,30.40000009536743
10190905.mseed,30.200000047683716
10201036.mseed,29.5
10220132.mseed,30.90000009536743
10221228.mseed,30.200000047683716
10221450.mseed,30.90000009536743
10230455.mseed,30.40000009536743
10230540.mseed,30.40000009536743
10231136.mseed,30.90000009536743
10231205.mseed,30.09999990463257
10231723.mseed,30.90000009536743
10231729.mseed,30.09999990463257
10232044.mseed,30.09999990463257
10241444.mseed,31.0
10241459.mseed,30.09999990463257
10241601.mseed,30.799999952316284
10241619.mseed,31.0
10241735.mseed,30.799999952316284
10241857.mseed,30.5
10242018.mseed,30.40000009536743
10250449.mseed,13.900000095367432
10250716.mseed,30.90000009536743
10251905.mseed,30.40000009536743
10260635.mseed,30.90000009536743
10262232.mseed,30.299999952316284
10270001.mseed,30.200000047683716
10270038.mseed,30.90000009536743
10270843.mseed,30.59999990463257
10270923.mseed,30.5
10271038.mseed,30.5
10271229.mseed,30.40000009536743
10281622.mseed,30.200000047683716
10290152.mseed,6.599999904632568
10290649.mseed,30.700000047683716
10301747.mseed,30.700000047683716
10301813.mseed,30.299999952316284
10301824.mseed,30.5
10301839.mseed,30.5
10310033.mseed,30.299999952316284
10310517.mseed,30.40000009536743
11010719.mseed,30.299999952316284
11011542.mseed,30.799999952316284
11031139.mseed,30.40000009536743
11031210.mseed,30.200000047683716
11032238.mseed,31.0
11032345.mseed,30.200000047683716
11040432.mseed,30.0
11040920.mseed,30.299999952316284
11050411.mseed,30.700000047683716
11050444.mseed,30.90000009536743
11050540.mseed,30.0
11060010.mseed,30.0
11060738.mseed,41.200000047683716
11060829.mseed,30.09999990463257
11061158.mseed,30.299999952316284
11061327.mseed,30.09999990463257
11061339.mseed,30.59999990463257
11061538.mseed,30.299999952316284
11070117.mseed,31.0
11070721.mseed,30.799999952316284
11070750.mseed,30.90000009536743
11081241.mseed,30.09999990463257
11081319.mseed,30.40000009536743
11090406.mseed,30.299999952316284
11090421.mseed,30.0
11090528.mseed,31.0
11091519.mseed,13.0
11111231.mseed,30.09999990463257
11121057.mseed,30.40000009536743
11130344.mseed,30.59999990463257
11132015.mseed,30.799999952316284
11150125.mseed,30.90000009536743
11150511.mseed,30.5
11150545.mseed,30.59999990463257
11161514.mseed,30.59999990463257
11161949.mseed,30.09999990463257
11162053.mseed,30.700000047683716
11162153.mseed,30.09999990463257
11162310.mseed,30.59999990463257
11170444.mseed,30.09999990463257
11170507.mseed,30.5
11171849.mseed,31.0
11172318.mseed,30.09999990463257
11180054.mseed,18.299999952316284
11180214.mseed,30.0
11180723.mseed,30.200000047683716
11181052.mseed,30.299999952316284
11181306.mseed,30.09999990463257
11181436.mseed,30.799999952316284
11181713.mseed,30.5
11181940.mseed,30.40000009536743
11182206.mseed,25.0
11190032.mseed,31.0
11190204.mseed,30.40000009536743
11191252.mseed,30.59999990463257
11191355.mseed,30.90000009536743
11192016.mseed,30.299999952316284
11192116.mseed,30.09999990463257
11201124.mseed,30.40000009536743
11201213.mseed,30.5
11201529.mseed,30.90000009536743
11201624.mseed,30.5
11201633.mseed,30.09999990463257
11202239.mseed,30.700000047683716
11210332.mseed,30.299999952316284
11210707.mseed,30.700000047683716
11211123.mseed,30.40000009536743
11211924.mseed,30.09999990463257
11220047.mseed,30.40000009536743
11220428.mseed,26.90000009536743
11220459.mseed,31.0
11220951.mseed,30.799999952316284
11221020.mseed,31.0
11221129.mseed,30.299999952316284
11230808.mseed,30.59999990463257
11231003.mseed,30.09999990463257
11231747.mseed,30.90000009536743
11240052.mseed,2.299999952316284
11240349.mseed,30.5
11250231.mseed,30.40000009536743
11261918.mseed,12.900000095367432
11262000.mseed,30.40000009536743
11271122.mseed,30.90000009536743
11271425.mseed,30.09999990463257
11271805.mseed,30.5
11280330.mseed,31.0
11280608.mseed,30.5
11280958.mseed,30.700000047683716
11281032.mseed,30.90000009536743
11281458.mseed,30.09999990463257
11290613.mseed,30.299999952316284
11291825.mseed,30.700000047683716
11300559.mseed,30.700000047683716
11300934.mseed,30.700000047683716
12010303.mseed,30.299999952316284
12020037.mseed,31.0
12021535.mseed,30.90000009536743
12031349.mseed,30.299999952316284
12031938.mseed,30.299999952316284
12031955.mseed,30.5
12032144.mseed,30.200000047683716
12032253.mseed,30.5
12032355.mseed,30.799999952316284
12040518.mseed,30.700000047683716
12042252.mseed,30.59999990463257
12050052.mseed,30.299999952316284
12050653.mseed,31.0
12051458.mseed,30.40000009536743
12052343.mseed,30.90000009536743
12060013.mseed,30.40000009536743
12060014.mseed,31.0
12060506.mseed,30.799999952316284
12060623.mseed,30.59999990463257
12060626.mseed,30.5
12060832.mseed,30.0
12061357.mseed,30.5
12070106.mseed,30.5
12070210.mseed,30.700000047683716
12070854.mseed,30.700000047683716
12071851.mseed,30.299999952316284
12072347.mseed,30.299999952316284
12081118.mseed,30.90000009536743
12090258.mseed,30.09999990463257
12090802.mseed,30.59999990463257
12091111.mseed,30.5
12101011.mseed,30.799999952316284
12101426.mseed,30.59999990463257
12110239.mseed,30.299999952316284
12110429.mseed,30.40000009536743
12110609.mseed,30.5
12112035.mseed,30.40000009536743
12112044.mseed,30.0
12112050.mseed,31.0
12121724.mseed,30.700000047683716
12130142.mseed,30.90000009536743
12130557.mseed,30.700000047683716
12131414.mseed,30.90000009536743
12131715.mseed,30.0
12131722.mseed,30.5
12131812.mseed,30.59999990463257
12132010.mseed,30.59999990463257
12141239.mseed,30.200000047683716
12141243.mseed,30.5
12141530.mseed,30.200000047683716
12150100.mseed,30.5
12150111.mseed,62.59999990463257
12150113.mseed,30.799999952316284
12150504.mseed,30.5
12150842.mseed,30.0
12150948.mseed,31.0
12151217.mseed,30.200000047683716
12151239.mseed,30.299999952316284
12151446.mseed,30.700000047683716
12152336.mseed,30.40000009536743
12152347.mseed,30.09999990463257
12161141.mseed,30.5
12162247.mseed,30.200000047683716
12162306.mseed,30.0
12170005.mseed,30.40000009536743
12191437.mseed,30.09999990463257
12200039.mseed,30.700000047683716
12200434.mseed,30.40000009536743
12200848.mseed,31.0
12201010.mseed,30.59999990463257
12201249.mseed,30.59999990463257
12210603.mseed,31.0
12210751.mseed,30.700000047683716
12211212.mseed,30.59999990463257
12211250.mseed,30.59999990463257
12211459.mseed,30.90000009536743
12212115.mseed,30.200000047683716
12220132.mseed,30.59999990463257
12220811.mseed,31.0
12221547.mseed,30.200000047683716
12230330.mseed,30.799999952316284
12231901.mseed,30.299999952316284
12231956.mseed,30.799999952316284
12232219.mseed,30.700000047683716
12250354.mseed,30.40000009536743
12251100.mseed,30.59999990463257
12251314.mseed,30.200000047683716
12251317.mseed,30.700000047683716
12251815.mseed,30.200000047683716
12260103.mseed,30.299999952316284
12260258.mseed,30.59999990463257
12261142.mseed,31.0
12261210.mseed,30.40000009536743
12261343.mseed,30.700000047683716
12261424.mseed,30.799999952316284
12261507.mseed,30.90000009536743
12261551.mseed,30.09999990463257
12261722.mseed,30.5
12261923.mseed,30.299999952316284
12270342.mseed,30.299999952316284
12270447.mseed,30.90000009536743
12270449.mseed,30.200000047683716
12270504.mseed,30.799999952316284
12270605.mseed,30.40000009536743
12271549.mseed,30.200000047683716
12271811.mseed,30.200000047683716
12271833.mseed,30.09999990463257
12272002.mseed,30.59999990463257
12272251.mseed,30.59999990463257
12280210.mseed,14.700000047683716
12280452.mseed,30.09999990463257
12280655.mseed,30.59999990463257
12281026.mseed,31.0
12281315.mseed,30.5
12281510.mseed,30.299999952316284
12282127.mseed,30.59999990463257
12290005.mseed,30.299999952316284
12290050.mseed,30.09999990463257
12290206.mseed,31.0
12290836.mseed,9.299999952316284
12291143.mseed,30.59999990463257
12291234.mseed,30.40000009536743
12291305.mseed,30.59999990463257
12291338.mseed,30.40000009536743
12291538.mseed,30.700000047683716
12300731.mseed,30.59999990463257
12300744.mseed,30.299999952316284
12301502.mseed,30.299999952316284
12301534.mseed,30.799999952316284
12302121.mseed,30.90000009536743
12311421.mseed,30.40000009536743
12311655.mseed,30.799999952316284
12311920.mseed,30.700000047683716
12312039.mseed,30.09999990463257
01010056.mseed,30.59999990463257
01010332.mseed,30.09999990463257
01010543.mseed,26.0
01010544.mseed,30.5
01010950.mseed,30.09999990463257
01011302.mseed,30.59999990463257
01011314.mseed,30.799999952316284
01011412.mseed,31.0
01011431.mseed,30.59999990463257
01011908.mseed,30.90000009536743
01012044.mseed,30.09999990463257
01012049.mseed,30.299999952316284
01012120.mseed,30.200000047683716
01012126.mseed,30.40000009536743
01012153.mseed,30.40000009536743
01020413.mseed,30.299999952316284
01020421.mseed,30.200000047683716
01020442.mseed,30.40000009536743
01020449.mseed,30.5
01020501.mseed,30.799999952316284
01020550.mseed,30.90000009536743
01020957.mseed,31.0
01022037.mseed,30.09999990463257
01030010.mseed,30.799999952316284
01030109.mseed,30.799999952316284
01030110.mseed,30.90000009536743
01030201.mseed,30.09999990463257
01030354.mseed,30.59999990463257
01040021.mseed,31.0
01040033.mseed,30.59999990463257
01040144.mseed,31.0
01040257.mseed,30.09999990463257
01040332.mseed,30.09999990463257
01040407.mseed,30.5
01040408.mseed,30.700000047683716
01040534.mseed,31.0
01041858.mseed,30.799999952316284
01050315.mseed,30.09999990463257
01050543.mseed,17.700000047683716
01050621.mseed,30.40000009536743
01061031.mseed,30.90000009536743
01061112.mseed,30.09999990463257
01061214.mseed,30.90000009536743
01062035.mseed,30.700000047683716
01062222.mseed,30.59999990463257
01062341.mseed,30.90000009536743
01070122.mseed,31.0
01070146.mseed,30.90000009536743
01070256.mseed,30.09999990463257
01071237.mseed,30.40000009536743
01071520.mseed,30.0
01071835.mseed,30.299999952316284
01071949.mseed,30.799999952316284
01080205.mseed,30.5
01080440.mseed,30.0
01081101.mseed,30.59999990463257
01081300.mseed,30.299999952316284
01081844.mseed,30.90000009536743
01082313.mseed,30.5
01090019.mseed,30.09999990463257
01090508.mseed,30.200000047683716
01090755.mseed,30.700000047683716
01091004.mseed,30.299999952316284
01091756.mseed,30.90000009536743
01091824.mseed,30.59999990463257
01091950.mseed,30.5
01092109.mseed,30.09999990463257
01092145.mseed,31.0
01092221.mseed,30.90000009536743
01100231.mseed,31.0
01101510.mseed,30.799999952316284
01101625.mseed,30.200000047683716
01101633.mseed,30.799999952316284
01101723.mseed,30.700000047683716
01101840.mseed,31.0
01102005.mseed,30.90000009536743
01111544.mseed,30.90000009536743
01120019.mseed,30.700000047683716
01120525.mseed,30.59999990463257
01121121.mseed,30.200000047683716
01121928.mseed,30.700000047683716
01122025.mseed,30.5
01122046.mseed,30.59999990463257
01122347.mseed,31.0
01130111.mseed,30.700000047683716
01130118.mseed,30.700000047683716
01130123.mseed,31.5
01130310.mseed,30.5
01130852.mseed,30.799999952316284
01131027.mseed,30.90000009536743
01131106.mseed,30.59999990463257
01140007.mseed,30.90000009536743
01140849.mseed,30.90000009536743
01140951.mseed,30.90000009536743
01142309.mseed,30.799999952316284
01150236.mseed,30.40000009536743
01150237.mseed,31.0
01150258.mseed,30.200000047683716
01150913.mseed,30.5
01151534.mseed,31.0
01152343.mseed,30.200000047683716
01160958.mseed,30.40000009536743
01161214.mseed,30.5
01161231.mseed,30.5
01161249.mseed,30.40000009536743
01161327.mseed,30.59999990463257
01161743.mseed,31.0
01162009.mseed,30.799999952316284
01162248.mseed,30.5
01170301.mseed,30.90000009536743
01171129.mseed,30.700000047683716
01171531.mseed,30.09999990463257
01181333.mseed,30.700000047683716
01181529.mseed,30.09999990463257
01181732.mseed,30.09999990463257
01190252.mseed,30.90000009536743
01191046.mseed,30.299999952316284
01191808.mseed,30.299999952316284
01191859.mseed,30.799999952316284
01192123.mseed,30.59999990463257
01200005.mseed,30.5
01200142.mseed,31.0
01200156.mseed,30.40000009536743
01200211.mseed,30.799999952316284
01200231.mseed,30.700000047683716
01200232.mseed,30.5
01200252.mseed,30.799999952316284
01200324.mseed,30.799999952316284
01200351.mseed,30.700000047683716
01200407.mseed,30.799999952316284
01200409.mseed,30.09999990463257
01200433.mseed,30.40000009536743
01200441.mseed,31.0
01200453.mseed,30.90000009536743
01200454.mseed,30.09999990463257
01200504.mseed,30.5
01200507.mseed,30.299999952316284
01200521.mseed,30.200000047683716
01200522.mseed,30.200000047683716
01200525.mseed,30.09999990463257
01200526.mseed,30.09999990463257
01200532.mseed,14.299999952316284
01200533.mseed,30.5
01200536.mseed,30.0
01200542.mseed,30.200000047683716
01200551.mseed,30.59999990463257
01200842.mseed,30.700000047683716
01200847.mseed,30.5
01200925.mseed,30.299999952316284
01200948.mseed,30.40000009536743
01201014.mseed,30.40000009536743
01201228.mseed,30.90000009536743
01201710.mseed,30.09999990463257
01210201.mseed,30.40000009536743
01210212.mseed,30.5
01210318.mseed,31.0
01210411.mseed,30.200000047683716
01210526.mseed,30.200000047683716
01210724.mseed,30.200000047683716
01211039.mseed,30.09999990463257
01211655.mseed,30.700000047683716
01211952.mseed,30.59999990463257
01212117.mseed,30.59999990463257
01212143.mseed,30.200000047683716
01212151.mseed,30.299999952316284
01212258.mseed,31.0
01220100.mseed,30.700000047683716
01220330.mseed,30.200000047683716
01221351.mseed,44.59999990463257
01230028.mseed,30.59999990463257
01230332.mseed,31.0
01230431.mseed,30.0
01230820.mseed,30.799999952316284
01230905.mseed,30.90000009536743
01231056.mseed,30.700000047683716
01231105.mseed,30.40000009536743
01232302.mseed,30.700000047683716
01232310.mseed,30.59999990463257
01240609.mseed,31.0
01251352.mseed,30.09999990463257
01251703.mseed,31.0
01251944.mseed,30.0
01252237.mseed,30.5
01260330.mseed,30.5
01261136.mseed,30.40000009536743
01262045.mseed,30.200000047683716
01270100.mseed,30.5
01270133.mseed,30.799999952316284
01270540.mseed,30.5
01271759.mseed,30.799999952316284
01280018.mseed,30.799999952316284
01280210.mseed,30.90000009536743
01280451.mseed,30.200000047683716
01281310.mseed,30.700000047683716
01281441.mseed,30.200000047683716
01290154.mseed,30.700000047683716
01300457.mseed,30.0
01300910.mseed,30.90000009536743
01301858.mseed,30.59999990463257
01312120.mseed,30.700000047683716
02010045.mseed,30.40000009536743
02010101.mseed,30.799999952316284
02010620.mseed,30.5
02010716.mseed,30.09999990463257
02010824.mseed,30.799999952316284
02010936.mseed,30.5
02011707.mseed,30.09999990463257
02012142.mseed,30.40000009536743
02012159.mseed,30.700000047683716
02020958.mseed,2.799999952316284
02021004.mseed,30.200000047683716
02021338.mseed,30.09999990463257
02021807.mseed,30.90000009536743
02022041.mseed,30.799999952316284
02022119.mseed,30.5
02030748.mseed,30.299999952316284
02032136.mseed,30.200000047683716
02040319.mseed,30.59999990463257
02040402.mseed,30.40000009536743
02040619.mseed,30.299999952316284
02040903.mseed,30.700000047683716
02040943.mseed,30.09999990463257
02041025.mseed,30.0
02041524.mseed,30.40000009536743
02041827.mseed,30.40000009536743
02041910.mseed,30.90000009536743
02042149.mseed,30.40000009536743
02050202.mseed,30.299999952316284
02050417.mseed,30.200000047683716
02050853.mseed,30.90000009536743
02051541.mseed,30.5
02060116.mseed,30.40000009536743
02060321.mseed,30.200000047683716
02060405.mseed,30.799999952316284
02060406.mseed,30.299999952316284
02060426.mseed,30.200000047683716
02061029.mseed,31.0
02061220.mseed,30.90000009536743
02061439.mseed,30.59999990463257
02071007.mseed,30.09999990463257
02072236.mseed,30.200000047683716
02072258.mseed,30.799999952316284
02080145.mseed,30.90000009536743
02080330.mseed,30.799999952316284
02080829.mseed,30.700000047683716
02080956.mseed,30.799999952316284
02081212.mseed,30.59999990463257
02081510.mseed,30.40000009536743
02081610.mseed,30.59999990463257
02091344.mseed,30.799999952316284
02091807.mseed,30.5
02100028.mseed,30.799999952316284
02100413.mseed,30.40000009536743
02101109.mseed,30.0
02101739.mseed,30.40000009536743
02101958.mseed,30.299999952316284
02110501.mseed,30.59999990463257
02110556.mseed,30.200000047683716
02110648.mseed,30.09999990463257
02110758.mseed,30.59999990463257
02110804.mseed,30.09999990463257
02111348.mseed,30.700000047683716
02112215.mseed,30.700000047683716
02120429.mseed,30.200000047683716
02120434.mseed,30.5
02121028.mseed,30.700000047683716
02121130.mseed,30.700000047683716
02121253.mseed,30.700000047683716
02121415.mseed,30.700000047683716
02121652.mseed,30.09999990463257
02121743.mseed,30.5
02121745.mseed,30.59999990463257
02121831.mseed,30.90000009536743
02122047.mseed,30.700000047683716
02130442.mseed,30.09999990463257
02130756.mseed,30.299999952316284
02130901.mseed,30.59999990463257
02131016.mseed,31.0
02131740.mseed,30.200000047683716
02140345.mseed,30.200000047683716
02141441.mseed,30.0
02151217.mseed,30.200000047683716
02151633.mseed,30.40000009536743
02152022.mseed,30.90000009536743
02160408.mseed,30.59999990463257
02160620.mseed,30.90000009536743
02161200.mseed,30.0
02161850.mseed,31.0
02161852.mseed,30.90000009536743
02161857.mseed,15.0
02161909.mseed,30.700000047683716
02161910.mseed,30.299999952316284
02161911.mseed,30.799999952316284
02170044.mseed,30.09999990463257
02180838.mseed,30.700000047683716
02181049.mseed,30.40000009536743
02181522.mseed,30.09999990463257
02182208.mseed,30.90000009536743
02182211.mseed,30.90000009536743
02190446.mseed,30.40000009536743
02191032.mseed,30.700000047683716
02191213.mseed,30.90000009536743
02191231.mseed,30.09999990463257
02191500.mseed,10.700000047683716
02200508.mseed,31.0
02201106.mseed,30.200000047683716
02201254.mseed,30.09999990463257
02201903.mseed,30.799999952316284
02202031.mseed,30.799999952316284
02202317.mseed,30.299999952316284
02210151.mseed,30.59999990463257
02211846.mseed,30.200000047683716
02211852.mseed,30.299999952316284
02220728.mseed,30.200000047683716
02220756.mseed,30.799999952316284
02221514.mseed,30.90000009536743
02231128.mseed,30.799999952316284
02231407.mseed,30.09999990463257
02231621.mseed,30.299999952316284
02232217.mseed,30.299999952316284
02240201.mseed,30.09999990463257
02240716.mseed,30.90000009536743
02240923.mseed,30.200000047683716
02241101.mseed,30.700000047683716
02241158.mseed,30.90000009536743
02241159.mseed,30.5
02250728.mseed,30.40000009536743
02251458.mseed,30.299999952316284
02251543.mseed,30.299999952316284
02252040.mseed,30.40000009536743
02252042.mseed,30.799999952316284
02260110.mseed,30.5
02260115.mseed,30.40000009536743
02260844.mseed,30.59999990463257
02260847.mseed,30.700000047683716
02260909.mseed,30.5
02261107.mseed,30.799999952316284
02261350.mseed,30.5
02261416.mseed,30.700000047683716
02261906.mseed,30.0
02262337.mseed,30.0
02262357.mseed,30.09999990463257
02270647.mseed,30.299999952316284
02270709.mseed,30.40000009536743
02271508.mseed,30.700000047683716
02281107.mseed,30.09999990463257
02281533.mseed,30.200000047683716
02281536.mseed,30.09999990463257
02281545.mseed,30.299999952316284
02281551.mseed,30.59999990463257
02281655.mseed,30.5
02281706.mseed,30.59999990463257
02282050.mseed,30.40000009536743
03010446.mseed,30.700000047683716
03010850.mseed,30.5
03011050.mseed,30.0
03011414.mseed,30.59999990463257
03020716.mseed,30.5
03021950.mseed,30.40000009536743
03022252.mseed,30.799999952316284
03030004.mseed,30.09999990463257
03031316.mseed,30.5
03031643.mseed,30.5
03031746.mseed,30.700000047683716
03040622.mseed,30.299999952316284
03040937.mseed,30.799999952316284
03041135.mseed,30.59999990463257
03042011.mseed,30.299999952316284
03050945.mseed,30.5
03051218.mseed,30.0
03051656.mseed,30.5
03061738.mseed,30.09999990463257
03062040.mseed,30.299999952316284
03062235.mseed,30.5
03071737.mseed,31.0
03071741.mseed,30.09999990463257
03080247.mseed,30.0
03080259.mseed,30.0
03080301.mseed,30.299999952316284
03080516.mseed,30.90000009536743
03080530.mseed,30.299999952316284
03081637.mseed,30.09999990463257
03081730.mseed,30.5
03090103.mseed,30.40000009536743
03091120.mseed,30.299999952316284
03091243.mseed,30.700000047683716
03091244.mseed,30.59999990463257
03100338.mseed,30.299999952316284
03100708.mseed,30.90000009536743
03102313.mseed,30.200000047683716
03102315.mseed,31.0
03110258.mseed,30.09999990463257
03110712.mseed,30.40000009536743
03111706.mseed,30.90000009536743
03112343.mseed,30.5
03120701.mseed,30.700000047683716
03121526.mseed,30.200000047683716
03132045.mseed,30.799999952316284
03132155.mseed,30.59999990463257
03140102.mseed,30.40000009536743
03140430.mseed,18.09999990463257
03150526.mseed,30.40000009536743
03150554.mseed,30.799999952316284
03150849.mseed,30.700000047683716
03151155.mseed,31.0
03151510.mseed,30.799999952316284
03151648.mseed,30.09999990463257
03151954.mseed,30.40000009536743
03160156.mseed,30.59999990463257
03160206.mseed,30.59999990463257
03160214.mseed,30.0
03160222.mseed,30.90000009536743
03160230.mseed,30.59999990463257
03160239.mseed,30.299999952316284
03160309.mseed,31.0
03160328.mseed,30.700000047683716
03161107.mseed,30.5
03161536.mseed,30.5
03161752.mseed,30.90000009536743
03161957.mseed,30.40000009536743
03162344.mseed,30.200000047683716
03170206.mseed,30.5
03170443.mseed,30.40000009536743
03170646.mseed,30.59999990463257
03170936.mseed,30.0
03171110.mseed,30.299999952316284
03171224.mseed,33.40000009536743
03180014.mseed,30.700000047683716
03180029.mseed,30.40000009536743
03180623.mseed,30.299999952316284
03181120.mseed,30.799999952316284
03181158.mseed,30.200000047683716
03181819.mseed,30.200000047683716
03182203.mseed,30.799999952316284
03182300.mseed,30.299999952316284
03182312.mseed,30.799999952316284
03190216.mseed,30.200000047683716
03190219.mseed,30.799999952316284
03190645.mseed,30.700000047683716
03190653.mseed,30.5
03190726.mseed,30.0
03190735.mseed,30.799999952316284
03191008.mseed,11.900000095367432
03191011.mseed,30.200000047683716
03191344.mseed,30.799999952316284
03191351.mseed,30.40000009536743
03191352.mseed,30.200000047683716
03192010.mseed,30.40000009536743
03192016.mseed,30.09999990463257
03192047.mseed,30.0
03192110.mseed,30.59999990463257
03192205.mseed,8.900000095367432
03192326.mseed,30.90000009536743
03200315.mseed,30.59999990463257
03200318.mseed,30.40000009536743
03200325.mseed,30.299999952316284
03200326.mseed,30.90000009536743
03200519.mseed,30.5
03200843.mseed,30.5
03201312.mseed,30.799999952316284
03201738.mseed,30.40000009536743
03201849.mseed,30.5
03202006.mseed,30.700000047683716
03202229.mseed,30.799999952316284
03210042.mseed,30.700000047683716
03210134.mseed,30.59999990463257
03211553.mseed,30.200000047683716
03212107.mseed,30.700000047683716
03220156.mseed,30.59999990463257
03231553.mseed,30.799999952316284
03232338.mseed,30.5
03240145.mseed,30.299999952316284
03240740.mseed,30.59999990463257
03241250.mseed,30.09999990463257
03241839.mseed,30.299999952316284
03242121.mseed,30.09999990463257
03242240.mseed,30.200000047683716
03250623.mseed,30.5